Index,Predicted_Class,Probability
0,1,0.96918845
1,1,0.99048424
2,1,0.99652535
3,1,0.94206494
4,1,0.99922264
5,1,0.76818705
6,1,0.8932824
7,1,0.8440108
8,1,0.8990732
9,1,0.7528856
10,1,0.98061657
11,1,0.84360695
12,1,0.9958995
13,1,0.8634837
14,1,0.98939335
15,1,0.89271367
16,1,0.8747489
17,1,0.9124104
18,1,0.9947694
19,1,0.98382044
20,1,0.98061657
21,1,0.8692015
22,1,0.9856582
23,1,0.933552
24,1,0.93055594
25,1,0.9735075
26,1,0.8606939
27,1,0.8732461
28,1,0.9842062
29,1,0.78766894
30,1,0.9705846
31,1,0.98823845
32,1,0.924562
33,1,0.9320924
34,1,0.93148094
35,1,0.98303187
36,1,0.9371295
37,1,0.9775148
38,1,0.98061657
39,1,0.9390485
40,1,0.99416935
41,1,0.94418854
42,1,0.99184203
43,1,0.89271367
44,1,0.92389
45,1,0.996139
46,1,0.97717905
47,1,0.89345026
48,1,0.9380847
49,1,0.9665354
50,1,0.9305781
51,1,0.70227927
52,1,0.8183313
53,1,0.84939224
54,1,0.9344123
55,1,0.9401592
56,1,0.9799135
57,1,0.9593738
58,1,0.9626543
59,1,0.9871006
60,1,0.9401592
61,1,0.97056645
62,1,0.8542704
63,1,0.9887736
64,1,0.9664661
65,1,0.97717905
66,1,0.9965358
67,1,0.95440835
68,1,0.9994029
69,1,0.97370976
70,1,0.98702747
71,1,0.9767378
72,1,0.9749688
73,1,0.9386011
74,1,0.8606939
75,1,0.9913244
76,1,0.9665354
77,1,0.98313373
78,1,0.9342128
79,1,0.96965224
80,1,0.9517097
81,1,0.98337656
82,1,0.8747489
83,1,0.988705
84,1,0.9380847
85,1,0.9660077
86,1,0.90796226
87,1,0.9660077
88,1,0.9805131
89,1,0.89345026
90,1,0.97595483
91,1,0.93451357
92,1,0.8720425
93,1,0.98982483
94,1,0.9098724
95,1,0.9960867
96,1,0.93148094
97,1,0.9124104
98,1,0.9646387
99,1,0.9472579
