Index,Predicted_Class,Probability
0,1,0.9356937
1,1,0.9781662
2,1,0.9303936
3,1,0.9759577
4,1,0.9441348
5,1,0.99116725
6,1,0.9525189
7,1,0.97749376
8,1,0.87034756
9,1,0.85789174
10,1,0.974313
11,1,0.90840393
12,1,0.7170968
13,1,0.9718982
14,1,0.94315475
15,1,0.85172975
16,1,0.9718982
17,1,0.9347857
18,1,0.9419179
19,1,0.90226185
20,1,0.95309615
21,1,0.89728826
22,1,0.974756
23,1,0.9649837
24,1,0.9680623
25,1,0.81928164
26,1,0.978877
27,1,0.9952642
28,1,0.9861525
29,1,0.9804059
30,1,0.9311636
31,1,0.9720845
32,1,0.97369576
33,1,0.95067143
34,1,0.93761593
35,1,0.9801937
36,1,0.930241
37,1,0.9356937
38,1,0.9230968
39,1,0.8527321
40,1,0.93996453
41,1,0.91634583
42,1,0.9055782
43,1,0.91634583
44,1,0.9357656
45,1,0.9684201
46,1,0.9255999
47,1,0.877122
48,1,0.9197684
49,1,0.9898587
50,1,0.9197684
51,1,0.92835844
52,1,0.96499103
53,1,0.99219733
54,1,0.9664206
55,1,0.96002686
56,1,0.89814234
57,1,0.8751603
58,1,0.98248553
59,1,0.91013116
60,1,0.96394354
61,1,0.910877
62,1,0.9230968
63,1,0.8420525
64,1,0.9454989
65,1,0.89546835
66,1,0.99652904
67,1,0.97955877
68,1,0.99515957
69,1,0.88253134
70,1,0.9323496
71,1,0.8973445
72,1,0.9471802
73,1,0.9927279
74,1,0.9680623
75,1,0.9573891
76,1,0.94334155
77,1,0.9874829
78,1,0.956741
79,1,0.95406413
80,1,0.974313
81,1,0.8846461
82,1,0.95309615
83,1,0.9009315
84,1,0.9783548
85,1,0.7004782
86,1,0.9224775
87,1,0.956741
88,1,0.9357656
89,1,0.9311636
90,1,0.8896266
91,1,0.9804059
92,1,0.9454989
93,1,0.8990427
94,1,0.8895972
95,1,0.93345374
96,1,0.9799529
97,1,0.87034756
98,1,0.81928164
99,1,0.85172975
