Index,Predicted_Class,Probability
0,1,0.97329897
1,1,0.90370685
2,1,0.98206264
3,1,0.92314565
4,1,0.969413
5,1,0.95480627
6,1,0.9910874
7,1,0.9994172
8,1,0.9612041
9,1,0.94514745
10,1,0.83668184
11,1,0.9898968
12,1,0.96242833
13,1,0.99635965
14,1,0.9788654
15,1,0.98679763
16,1,0.9710812
17,1,0.9628395
18,1,0.9114283
19,1,0.8916273
20,1,0.8790565
21,1,0.986605
22,1,0.9590863
23,1,0.9693694
24,1,0.96549827
25,1,0.99003744
26,1,0.9936283
27,1,0.9114283
28,1,0.85977244
29,1,0.93912905
30,1,0.9739212
31,1,0.99735355
32,1,0.92878747
33,1,0.9321471
34,1,0.9732492
35,1,0.93979686
36,1,0.85311145
37,1,0.8368857
38,1,0.97176164
39,1,0.9652501
40,1,0.9854255
41,1,0.94057524
42,1,0.9563132
43,1,0.9844282
44,1,0.98480856
45,1,0.9466333
46,1,0.9610318
47,1,0.8916273
48,1,0.9676789
49,1,0.9991842
50,1,0.9093991
51,1,0.94826114
52,1,0.95494694
53,1,0.92338943
54,1,0.9466333
55,1,0.9424321
56,1,0.9590863
57,1,0.9612041
58,1,0.96234065
59,1,0.9919897
60,1,0.9788654
61,1,0.9736459
62,1,0.9736398
63,1,0.9819356
64,1,0.8988975
65,1,0.9028252
66,1,0.9674425
67,1,0.9827732
68,1,0.96164566
69,1,0.99686396
70,1,0.8790565
71,1,0.9587342
72,1,0.9488078
73,1,0.9191342
74,1,0.9715497
75,1,0.9919897
76,1,0.92957854
77,1,0.92878747
78,1,0.9665285
79,1,0.9590863
80,1,0.9732492
81,1,0.96935284
82,1,0.8997577
83,1,0.98946536
84,1,0.99439657
85,1,0.90362513
86,1,0.9239701
87,1,0.9736459
88,1,0.984297
89,1,0.9735564
90,1,0.9845471
91,1,0.9899485
92,1,0.97572464
93,1,0.9737718
94,1,0.95765096
95,1,0.9585505
96,1,0.94915134
97,1,0.81441295
98,1,0.8989136
99,1,0.92684805
