Index,Predicted_Class,Probability
0,1,0.9199283
1,1,0.45666587
2,1,0.978508
3,1,0.973116
4,1,0.86572987
5,1,0.8656393
6,1,0.9650313
7,1,0.83323115
8,1,0.7943127
9,1,0.9700323
10,1,0.8504324
11,1,0.9910664
12,1,0.9782844
13,1,0.92036307
14,1,0.9297123
15,1,0.8543565
16,1,0.9407858
17,1,0.92036307
18,1,0.97488856
19,1,0.95845836
20,1,0.8504324
21,1,0.96786934
22,1,0.8813599
23,1,0.9197316
24,1,0.99256855
25,1,0.98278195
26,1,0.9958919
27,1,0.98121166
28,1,0.9700323
29,1,0.880688
30,1,0.96354586
31,1,0.9253411
32,1,0.9830771
33,1,0.571283
34,1,0.96721107
35,1,0.95845836
36,1,0.99652016
37,1,0.96415186
38,1,0.958721
39,1,0.9847831
40,1,0.9825236
41,1,0.8926473
42,1,0.93804896
43,1,0.93924487
44,1,0.97488564
45,1,0.98085505
46,1,0.99830663
47,1,0.94038737
48,1,0.9786017
49,1,0.95348376
50,1,0.958721
51,1,0.8926473
52,1,0.9581845
53,1,0.985756
54,1,0.96547246
55,1,0.9892966
56,1,0.98796785
57,1,0.99808395
58,1,0.9581845
59,1,0.9012695
60,1,0.7861662
61,1,0.98121166
62,1,0.9669512
63,1,0.9735004
64,1,0.45666587
65,1,0.9893646
66,1,0.99504185
67,1,0.95426655
68,1,0.99171805
69,1,0.974681
70,1,0.99165595
71,1,0.98090804
72,1,0.92832816
73,1,0.9891824
74,1,0.9297123
75,1,0.8543565
76,1,0.96742713
77,1,0.98278195
78,1,0.8926473
79,1,0.98897904
80,1,0.9761706
81,1,0.94492656
82,1,0.94492656
83,1,0.9407858
84,1,0.98859406
85,1,0.96558905
86,1,0.9474744
87,1,0.9581845
88,1,0.9703325
89,1,0.9324064
90,1,0.99588215
91,1,0.95604026
92,1,0.9777144
93,1,0.99106944
94,1,0.99630874
95,1,0.9836415
96,1,0.9324064
97,1,0.9509596
98,1,0.9980876
99,1,0.9167067
