Index,Predicted_Class,Probability
0,1,0.9699683
1,1,0.99429387
2,1,0.9158847
3,1,0.95131844
4,1,0.8933644
5,1,0.99529266
6,1,0.89874643
7,1,0.9775205
8,1,0.71294326
9,1,0.99583364
10,1,0.9813384
11,1,0.9829238
12,1,0.87326247
13,1,0.72476405
14,1,0.95603746
15,1,0.74269634
16,1,0.90654266
17,1,0.91035855
18,1,0.9204678
19,1,0.92431235
20,1,0.9986602
21,1,0.9829238
22,1,0.95406586
23,1,0.93230623
24,1,0.9269303
25,1,0.87326247
26,1,0.88146317
27,1,0.9829714
28,1,0.99058455
29,1,0.7986607
30,1,0.9098611
31,1,0.8933644
32,1,0.9204678
33,1,0.96158457
34,1,0.95603746
35,1,0.99058455
36,1,0.9526436
37,1,0.8375104
38,1,0.9813384
39,1,0.9027477
40,1,0.9812707
41,1,0.9470225
42,1,0.88146317
43,1,0.84825146
44,1,0.9264909
45,1,0.9750812
46,1,0.8802132
47,1,0.9158847
48,1,0.94127977
49,1,0.9324691
50,1,0.9458426
51,1,0.89710104
52,1,0.86804885
53,1,0.9344208
54,1,0.9923586
55,1,0.8989822
56,1,0.970371
57,1,0.93316954
58,1,0.91035855
59,1,0.96853787
60,1,0.9944959
61,1,0.9781869
62,1,0.9669271
63,1,0.98102653
64,1,0.9999398
65,1,0.9463992
66,1,0.9315829
67,1,0.9445113
68,1,0.9027477
69,1,0.8710798
70,1,0.85248303
71,1,0.9849858
72,1,0.89874655
73,1,0.93368304
74,1,0.9925558
75,1,0.9666713
76,1,0.9829714
77,1,0.9954873
78,1,0.96853787
79,1,0.9987287
80,1,0.8100228
81,1,0.97170347
82,1,0.9897199
83,1,0.9698869
84,1,0.89874643
85,1,0.95603746
86,1,0.98127544
87,1,0.9935028
88,1,0.9274365
89,1,0.9979608
90,1,0.99967766
91,1,0.95681024
92,1,0.8710798
93,1,0.8922625
94,1,0.9639018
95,1,0.9853688
96,1,0.9463992
97,1,0.8922625
98,1,0.94635993
99,1,0.9495781
