Index,Predicted_Class,Probability
0,1,0.9669357
1,1,0.9946785
2,1,0.8575493
3,1,0.8546451
4,1,0.94575006
5,1,0.9475874
6,1,0.9739691
7,1,0.95948386
8,1,0.9893496
9,1,0.9041469
10,1,0.9943758
11,1,0.9553699
12,1,0.9781742
13,1,0.95948386
14,1,0.8171775
15,1,0.9200459
16,1,0.93280476
17,1,0.92580825
18,1,0.99365026
19,1,0.9741732
20,1,0.9842978
21,1,0.9864586
22,1,0.8392064
23,1,0.88977385
24,1,0.9764224
25,1,0.9073239
26,1,0.9933775
27,1,0.96763146
28,1,0.9213214
29,1,0.9728032
30,1,0.9851997
31,1,0.86282647
32,1,0.99655604
33,1,0.9728032
34,1,0.9645067
35,1,0.95948386
36,1,0.9752288
37,1,0.94437516
38,1,0.9075419
39,1,0.9776969
40,1,0.8810155
41,1,0.9741732
42,1,0.9300878
43,1,0.9669357
44,1,0.993523
45,1,0.945676
46,1,0.9764224
47,1,0.89551705
48,1,0.9796157
49,1,0.8880138
50,1,0.7041213
51,1,0.92946833
52,1,0.9511559
53,1,0.9319002
54,1,0.90623236
55,1,0.9703404
56,1,0.9460362
57,1,0.9607856
58,1,0.9911714
59,1,0.9900478
60,1,0.90863085
61,1,0.9881011
62,1,0.98906994
63,1,0.94957066
64,1,0.9916756
65,1,0.9391502
66,1,0.9607856
67,1,0.8661113
68,1,0.945676
69,1,0.9644835
70,1,0.97593766
71,1,0.92737997
72,1,0.95131725
73,1,0.930339
74,1,0.98887223
75,1,0.9391502
76,1,0.70696396
77,1,0.8632219
78,1,0.9764224
79,1,0.930339
80,1,0.9709972
81,1,0.9075419
82,1,0.8283713
83,1,0.99002784
84,1,0.9719857
85,1,0.97221667
86,1,0.9751677
87,1,0.9073239
88,1,0.95684505
89,1,0.8661113
90,1,0.8575493
91,1,0.9751677
92,1,0.96763146
93,1,0.92970026
94,1,0.95131725
95,1,0.94575006
96,1,0.92101485
97,1,0.97221667
98,1,0.8632219
99,1,0.9669357
