Index,Predicted_Class,Probability
0,1,0.98751533
1,1,0.9942754
2,1,0.93828326
3,1,0.930831
4,1,0.92824167
5,1,0.9980628
6,1,0.9710821
7,1,0.94599277
8,1,0.9908826
9,1,0.9744957
10,1,0.81201637
11,1,0.9665936
12,1,0.94625777
13,1,0.9843035
14,1,0.96801007
15,1,0.89004856
16,1,0.98158145
17,1,0.96012956
18,1,0.9768595
19,1,0.9202076
20,1,0.9727788
21,1,0.9769284
22,1,0.9719207
23,1,0.9554022
24,1,0.9600278
25,1,0.95904624
26,1,0.9935795
27,1,0.9727788
28,1,0.6991703
29,1,0.8264384
30,1,0.9819802
31,1,0.95904624
32,1,0.9738834
33,1,0.96891946
34,1,0.9717082
35,1,0.9932854
36,1,0.9809683
37,1,0.88620627
38,1,0.9447616
39,1,0.94349265
40,1,0.9931772
41,1,0.95057535
42,1,0.928447
43,1,0.94213
44,1,0.94250834
45,1,0.9774355
46,1,0.844723
47,1,0.9934608
48,1,0.9883138
49,1,0.9735362
50,1,0.99487275
51,1,0.94625777
52,1,0.99272925
53,1,0.95025986
54,1,0.94076765
55,1,0.9974444
56,1,0.88752335
57,1,0.94213
58,1,0.97370595
59,1,0.9908826
60,1,0.9820926
61,1,0.90681607
62,1,0.9761696
63,1,0.93312687
64,1,0.9587866
65,1,0.9992028
66,1,0.97693
67,1,0.9234165
68,1,0.94076765
69,1,0.904727
70,1,0.928447
71,1,0.76087785
72,1,0.93312687
73,1,0.92967004
74,1,0.97370595
75,1,0.9720749
76,1,0.7813165
77,1,0.92824167
78,1,0.930831
79,1,0.8825884
80,1,0.77332884
81,1,0.8121074
82,1,0.9665936
83,1,0.8896368
84,1,0.7537786
85,1,0.8653107
86,1,0.9992005
87,1,0.93957794
88,1,0.9730382
89,1,0.98243344
90,1,0.98926765
91,1,0.99291176
92,1,0.99651814
93,1,0.6843077
94,1,0.90820795
95,1,0.9960324
96,1,0.89004856
97,1,0.9720749
98,1,0.9852961
99,1,0.996271
