Index,Predicted_Class,Probability
0,1,0.9609676
1,1,0.90756834
2,1,0.96272796
3,1,0.89873004
4,1,0.94725466
5,1,0.8688771
6,1,0.9753239
7,1,0.9463968
8,1,0.98214793
9,1,0.93905866
10,1,0.94222516
11,1,0.75080407
12,1,0.94423646
13,1,0.9661887
14,1,0.8724864
15,1,0.992478
16,1,0.9278896
17,1,0.8451798
18,1,0.99260956
19,1,0.9892758
20,1,0.93905866
21,1,0.89736944
22,1,0.99615085
23,1,0.97494024
24,1,0.9766876
25,1,0.9624102
26,1,0.92378783
27,1,0.9442952
28,1,0.8451798
29,1,0.9557113
30,1,0.9719804
31,1,0.864159
32,1,0.95924544
33,1,0.84151584
34,1,0.97897434
35,1,0.98369205
36,1,0.75080407
37,1,0.9927328
38,1,0.93864644
39,1,0.95065403
40,1,0.870747
41,1,0.9505848
42,1,0.9867988
43,1,0.9135725
44,1,0.967657
45,1,0.98347455
46,1,0.99615085
47,1,0.7255952
48,1,0.8449011
49,1,0.9863235
50,1,0.94414145
51,1,0.9612182
52,1,0.9542808
53,1,0.96451336
54,1,0.96451336
55,1,0.9914076
56,1,0.95796007
57,1,0.9557113
58,1,0.9964923
59,1,0.9357391
60,1,0.9098987
61,1,0.98840916
62,1,0.9660346
63,1,0.8724864
64,1,0.97095966
65,1,0.8688771
66,1,0.7255952
67,1,0.96673656
68,1,0.9602043
69,1,0.9665485
70,1,0.9653889
71,1,0.9862526
72,1,0.9624102
73,1,0.9839409
74,1,0.99510044
75,1,0.95428133
76,1,0.85729
77,1,0.9712054
78,1,0.9604554
79,1,0.94816273
80,1,0.876864
81,1,0.83792
82,1,0.9612849
83,1,0.99222
84,1,0.99903417
85,1,0.9247146
86,1,0.98223835
87,1,0.8807728
88,1,0.9544897
89,1,0.994221
90,1,0.95927864
91,1,0.9348081
92,1,0.908026
93,1,0.96935576
94,1,0.94816273
95,1,0.9692267
96,1,0.9670236
97,1,0.90756834
98,1,0.9668573
99,1,0.95428133
