Index,Predicted_Class,Probability
0,1,0.98211217
1,1,0.9422859
2,1,0.97661114
3,1,0.97785884
4,1,0.8101477
5,1,0.9796027
6,1,0.96822685
7,1,0.93335265
8,1,0.9491089
9,1,0.9491353
10,1,0.95924807
11,1,0.933084
12,1,0.9781497
13,1,0.9161833
14,1,0.8575883
15,1,0.94036764
16,1,0.9604212
17,1,0.89133286
18,1,0.9834953
19,1,0.83222693
20,1,0.95900255
21,1,0.90905964
22,1,0.92575145
23,1,0.88955283
24,1,0.9775403
25,1,0.7911642
26,1,0.9339992
27,1,0.9452874
28,1,0.9226451
29,1,0.9803672
30,1,0.97980106
31,1,0.9073349
32,1,0.98275083
33,1,0.97182685
34,1,0.98127216
35,1,0.9255937
36,1,0.9238216
37,1,0.9489311
38,1,0.7681175
39,1,0.98275083
40,1,0.9803672
41,1,0.933084
42,1,0.95926046
43,1,0.89133286
44,1,0.8101477
45,1,0.9255937
46,1,0.95873827
47,1,0.9798711
48,1,0.9229604
49,1,0.8883595
50,1,0.980896
51,1,0.96822685
52,1,0.8883595
53,1,0.9970425
54,1,0.93916464
55,1,0.94000024
56,1,0.97435015
57,1,0.9810408
58,1,0.933084
59,1,0.96581507
60,1,0.9230654
61,1,0.9612031
62,1,0.9495368
63,1,0.9887157
64,1,0.9777955
65,1,0.918223
66,1,0.9841703
67,1,0.9560154
68,1,0.9483119
69,1,0.9491353
70,1,0.94748783
71,1,0.9951126
72,1,0.9255937
73,1,0.9342712
74,1,0.8538289
75,1,0.93533903
76,1,0.9161833
77,1,0.9430114
78,1,0.95926046
79,1,0.9949156
80,1,0.95926046
81,1,0.9230654
82,1,0.7681175
83,1,0.9299476
84,1,0.97785884
85,1,0.8758135
86,1,0.9849125
87,1,0.96241915
88,1,0.9529978
89,1,0.918223
90,1,0.99006796
91,1,0.9932308
92,1,0.7773944
93,1,0.94748783
94,1,0.94502234
95,1,0.9716591
96,1,0.88955283
97,1,0.9612031
98,1,0.93335265
99,1,0.9716904
