Index,Predicted_Class,Probability
0,1,0.942441
1,1,0.7990796
2,1,0.9691412
3,1,0.9491158
4,1,0.9346249
5,1,0.9627437
6,1,0.95760715
7,1,0.9500274
8,1,0.95303303
9,1,0.9641592
10,1,0.9823406
11,1,0.99488294
12,1,0.975256
13,1,0.9675946
14,1,0.9049467
15,1,0.9136695
16,1,0.9884349
17,1,0.9451227
18,1,0.875571
19,1,0.93875974
20,1,0.9679261
21,1,0.95760715
22,1,0.9247931
23,1,0.9208715
24,1,0.9627437
25,1,0.82718337
26,1,0.9656643
27,1,0.98130953
28,1,0.9779824
29,1,0.9691412
30,1,0.9346249
31,1,0.9804366
32,1,0.97831464
33,1,0.98668426
34,1,0.975256
35,1,0.9709721
36,1,0.9627437
37,1,0.98130953
38,1,0.9500274
39,1,0.8963633
40,1,0.9749594
41,1,0.9208715
42,1,0.98329663
43,1,0.94378155
44,1,0.9959715
45,1,0.94378155
46,1,0.75985444
47,1,0.98039055
48,1,0.92636794
49,1,0.7526551
50,1,0.9939978
51,1,0.9656643
52,1,0.9139202
53,1,0.9959512
54,1,0.95608306
55,1,0.94716984
56,1,0.9046778
57,1,0.9814305
58,1,0.95081496
59,1,0.9232879
60,1,0.9543737
61,1,0.9823406
62,1,0.8266818
63,1,0.9141675
64,1,0.84536785
65,1,0.91064245
66,1,0.91064245
67,1,0.9983798
68,1,0.9949064
69,1,0.9266517
70,1,0.92636794
71,1,0.9222596
72,1,0.92636794
73,1,0.9051627
74,1,0.9675409
75,1,0.96373546
76,1,0.875571
77,1,0.9954816
78,1,0.9679261
79,1,0.95081496
80,1,0.97583985
81,1,0.9745042
82,1,0.9920276
83,1,0.913777
84,1,0.929951
85,1,0.9136695
86,1,0.9511125
87,1,0.9529296
88,1,0.9990885
89,1,0.9967805
90,1,0.99576277
91,1,0.9392805
92,1,0.8266818
93,1,0.8112882
94,1,0.9823406
95,1,0.9780407
96,1,0.99172956
97,1,0.8112882
98,1,0.8438387
99,1,0.95529795
