Index,Predicted_Class,Probability
0,1,0.92200327
1,1,0.94511646
2,1,0.94143474
3,1,0.8177227
4,1,0.90508467
5,1,0.92200327
6,1,0.97835416
7,1,0.8928926
8,1,0.86124754
9,1,0.9198958
10,1,0.94114554
11,1,0.9679166
12,1,0.9870428
13,1,0.97608554
14,1,0.98594713
15,1,0.98254836
16,1,0.8497108
17,1,0.8990959
18,1,0.73895174
19,1,0.9488055
20,1,0.980113
21,1,0.9175526
22,1,0.9861261
23,1,0.9868472
24,1,0.96693057
25,1,0.9290692
26,1,0.98802245
27,1,0.9683146
28,1,0.9929622
29,1,0.9913633
30,1,0.98467886
31,1,0.97494036
32,1,0.9447025
33,1,0.8326714
34,1,0.9301069
35,1,0.9684986
36,1,0.8928926
37,1,0.8666849
38,1,0.98254836
39,1,0.59165287
40,1,0.9889243
41,1,0.9792061
42,1,0.9992939
43,1,0.90458965
44,1,0.9673273
45,1,0.9725814
46,1,0.9940137
47,1,0.96016043
48,1,0.96798563
49,1,0.91935605
50,1,0.9925867
51,1,0.99333364
52,1,0.987056
53,1,0.9211215
54,1,0.9010141
55,1,0.77780825
56,1,0.9820077
57,1,0.8873853
58,1,0.9429885
59,1,0.9868472
60,1,0.8326714
61,1,0.92833656
62,1,0.942308
63,1,0.929814
64,1,0.93920213
65,1,0.9679166
66,1,0.8422994
67,1,0.960163
68,1,0.92200327
69,1,0.8261253
70,1,0.9971922
71,1,0.94114554
72,1,0.94330674
73,1,0.9211215
74,1,0.92200327
75,1,0.8936571
76,1,0.96348864
77,1,0.96990204
78,1,0.95057744
79,1,0.98276526
80,1,0.9856924
81,1,0.8497108
82,1,0.9993024
83,1,0.99977
84,1,0.99107635
85,1,0.90508467
86,1,0.991015
87,1,0.97214496
88,1,0.97522616
89,1,0.9516559
90,1,0.8497108
91,1,0.98017186
92,1,0.9918967
93,1,0.9673273
94,1,0.8488727
95,1,0.97494036
96,1,0.91935605
97,1,0.94143474
98,1,0.9519558
99,1,0.90372145
