Index,Predicted_Class,Probability
0,1,0.9635236
1,1,0.9749947
2,1,0.99197716
3,1,0.99840325
4,1,0.9861937
5,1,0.9378339
6,1,0.8680024
7,1,0.9066042
8,1,0.8537169
9,1,0.99502486
10,1,0.9438166
11,1,0.9652488
12,1,0.920417
13,1,0.91463584
14,1,0.9092524
15,1,0.90221924
16,1,0.8810507
17,1,0.9652488
18,1,0.9630771
19,1,0.79706675
20,1,0.80062276
21,1,0.8680493
22,1,0.9855665
23,1,0.9864607
24,1,0.99085814
25,1,0.9811148
26,1,0.97693676
27,1,0.8680024
28,1,0.99197716
29,1,0.9238609
30,1,0.9066042
31,1,0.8978237
32,1,0.9191568
33,1,0.9652488
34,1,0.9716305
35,1,0.9347309
36,1,0.9541925
37,1,0.9824203
38,1,0.92786187
39,1,0.9894553
40,1,0.99502486
41,1,0.77397066
42,1,0.80062276
43,1,0.94501936
44,1,0.9146771
45,1,0.8680024
46,1,0.96994317
47,1,0.986053
48,1,0.99898547
49,1,0.9614067
50,1,0.99922323
51,1,0.9904253
52,1,0.88438374
53,1,0.8566979
54,1,0.9614067
55,1,0.9760553
56,1,0.88270783
57,1,0.8932396
58,1,0.8954794
59,1,0.9506733
60,1,0.80062276
61,1,0.9717942
62,1,0.98925227
63,1,0.987956
64,1,0.9672367
65,1,0.9726962
66,1,0.99261993
67,1,0.840283
68,1,0.9103303
69,1,0.9652488
70,1,0.9541925
71,1,0.99321634
72,1,0.94757384
73,1,0.7296893
74,1,0.9840433
75,1,0.9978422
76,1,0.89674217
77,1,0.9007756
78,1,0.9191568
79,1,0.82978636
80,1,0.9652488
81,1,0.9726169
82,1,0.9841084
83,1,0.77829975
84,1,0.9825538
85,1,0.99085814
86,1,0.94501936
87,1,0.9008801
88,1,0.8931516
89,1,0.9506733
90,1,0.8702683
91,1,0.77829975
92,1,0.8968412
93,1,0.9918995
94,1,0.8968412
95,1,0.9635236
96,1,0.925963
97,1,0.9742735
98,1,0.9483133
99,1,0.9557416
