Index,Predicted_Class,Probability
0,1,0.99940836
1,1,0.84208065
2,1,0.981533
3,1,0.9939809
4,1,0.9890977
5,1,0.99901617
6,1,0.9469035
7,1,0.9519361
8,1,0.84264404
9,1,0.98466843
10,1,0.99000096
11,1,0.9419689
12,1,0.9311049
13,1,0.99383026
14,1,0.9485073
15,1,0.9374374
16,1,0.9715949
17,1,0.96679974
18,1,0.95025665
19,1,0.9463763
20,1,0.9302067
21,1,0.9888392
22,1,0.9514788
23,1,0.91697407
24,1,0.963691
25,1,0.9857707
26,1,0.92334086
27,1,0.8951656
28,1,0.82850796
29,1,0.9792756
30,1,0.9843002
31,1,0.92334086
32,1,0.9532717
33,1,0.95616764
34,1,0.928195
35,1,0.9934556
36,1,0.97074246
37,1,0.98788816
38,1,0.88549954
39,1,0.93156594
40,1,0.96496993
41,1,0.9261311
42,1,0.95272225
43,1,0.9457862
44,1,0.99057883
45,1,0.9526465
46,1,0.9621551
47,1,0.98237485
48,1,0.99397695
49,1,0.9918367
50,1,0.9209521
51,1,0.9833491
52,1,0.96357703
53,1,0.9621551
54,1,0.91611487
55,1,0.98732334
56,1,0.9894967
57,1,0.99689925
58,1,0.9485073
59,1,0.9715949
60,1,0.92703396
61,1,0.9989249
62,1,0.9833422
63,1,0.93412906
64,1,0.9955147
65,1,0.9303631
66,1,0.9911908
67,1,0.8720811
68,1,0.98968834
69,1,0.9457862
70,1,0.9883294
71,1,0.9833491
72,1,0.74132615
73,1,0.91697407
74,1,0.8754964
75,1,0.9062925
76,1,0.9919493
77,1,0.83587164
78,1,0.98501587
79,1,0.9671639
80,1,0.9338277
81,1,0.94490355
82,1,0.9319087
83,1,0.99554706
84,1,0.9477123
85,1,0.8456734
86,1,0.923368
87,1,0.9310057
88,1,0.8603914
89,1,0.83587164
90,1,0.94307446
91,1,0.94521934
92,1,0.8920225
93,1,0.9754613
94,1,0.9806656
95,1,0.8547969
96,1,0.9683201
97,1,0.963691
98,1,0.94746804
99,1,0.96340895
