Index,Predicted_Class,Probability
0,1,0.89776015
1,1,0.91008633
2,1,0.9841718
3,1,0.95939374
4,1,0.99783784
5,1,0.9774444
6,1,0.9124218
7,1,0.78308976
8,1,0.8937425
9,1,0.98034954
10,1,0.92221403
11,1,0.9808338
12,1,0.92408746
13,1,0.9790044
14,1,0.9826537
15,1,0.98886544
16,1,0.9917801
17,1,0.8897286
18,1,0.93248147
19,1,0.9533547
20,1,0.97456497
21,1,0.78308976
22,1,0.98214966
23,1,0.949081
24,1,0.9794153
25,1,0.9666001
26,1,0.9933334
27,1,0.93188524
28,1,0.99361503
29,1,0.9927868
30,1,0.91357905
31,1,0.9854902
32,1,0.90109134
33,1,0.97630185
34,1,0.98611474
35,1,0.91357905
36,1,0.93627286
37,1,0.9893528
38,1,0.9917801
39,1,0.751069
40,1,0.9606916
41,1,0.89701426
42,1,0.94640476
43,1,0.95482063
44,1,0.9826537
45,1,0.9634592
46,1,0.89154863
47,1,0.995602
48,1,0.9412602
49,1,0.8937425
50,1,0.9733383
51,1,0.96150786
52,1,0.9975827
53,1,0.9033347
54,1,0.9648148
55,1,0.906506
56,1,0.94654167
57,1,0.9412602
58,1,0.94287723
59,1,0.9807066
60,1,0.8238268
61,1,0.9773621
62,1,0.98214966
63,1,0.894084
64,1,0.95237356
65,1,0.9704869
66,1,0.95939374
67,1,0.8238268
68,1,0.9804109
69,1,0.9804554
70,1,0.9804109
71,1,0.89127
72,1,0.92816514
73,1,0.86416084
74,1,0.9946795
75,1,0.94640476
76,1,0.96150786
77,1,0.9367215
78,1,0.98214966
79,1,0.9841718
80,1,0.95939374
81,1,0.92221403
82,1,0.9648148
83,1,0.92273766
84,1,0.9385785
85,1,0.9716088
86,1,0.9693001
87,1,0.9910931
88,1,0.8238268
89,1,0.894084
90,1,0.95047486
91,1,0.8278185
92,1,0.9943399
93,1,0.8466231
94,1,0.9056938
95,1,0.96063757
96,1,0.8944863
97,1,0.97886306
98,1,0.96063757
99,1,0.98886544
