Index,Predicted_Class,Probability
0,1,0.9311697
1,1,0.7706613
2,1,0.94349784
3,1,0.9379737
4,1,0.88198555
5,1,0.7745255
6,1,0.80435747
7,1,0.94609606
8,1,0.77070946
9,1,0.82664245
10,1,0.9311697
11,1,0.9878207
12,1,0.9853808
13,1,0.99617684
14,1,0.9895433
15,1,0.84070706
16,1,0.9938905
17,1,0.80435747
18,1,0.9348529
19,1,0.90349066
20,1,0.788138
21,1,0.9859337
22,1,0.92272985
23,1,0.89643335
24,1,0.9596217
25,1,0.9311697
26,1,0.92085624
27,1,0.99279237
28,1,0.97454846
29,1,0.9603282
30,1,0.97414815
31,1,0.9470902
32,1,0.9840274
33,1,0.97505444
34,1,0.9893021
35,1,0.97454846
36,1,0.93316877
37,1,0.97759163
38,1,0.9807953
39,1,0.91853154
40,1,0.9807953
41,1,0.86524874
42,1,0.89622897
43,1,0.9982425
44,1,0.94583863
45,1,0.99777716
46,1,0.8799177
47,1,0.9220018
48,1,0.96699387
49,1,0.54089344
50,1,0.92612034
51,1,0.9859337
52,1,0.96912754
53,1,0.96452034
54,1,0.9715116
55,1,0.99279237
56,1,0.9835435
57,1,0.77070946
58,1,0.91160345
59,1,0.95406556
60,1,0.99114394
61,1,0.9962042
62,1,0.788138
63,1,0.9325357
64,1,0.9988451
65,1,0.93956214
66,1,0.9394809
67,1,0.93381566
68,1,0.93027514
69,1,0.9878207
70,1,0.92085624
71,1,0.93956214
72,1,0.9342103
73,1,0.97484916
74,1,0.82765484
75,1,0.9796072
76,1,0.98474646
77,1,0.94145626
78,1,0.88793784
79,1,0.9844617
80,1,0.9026063
81,1,0.86654294
82,1,0.93914634
83,1,0.98298115
84,1,0.94349784
85,1,0.9468919
86,1,0.96684563
87,1,0.969711
88,1,0.9528495
89,1,0.99103254
90,1,0.98786944
91,1,0.7745255
92,1,0.9895433
93,1,0.9878599
94,1,0.9348529
95,1,0.9033462
96,1,0.95406556
97,1,0.9848204
98,1,0.5745865
99,1,0.95805293
