Index,Predicted_Class,Probability
0,1,0.9983461
1,1,0.98809916
2,1,0.98809916
3,1,0.80377173
4,1,0.8020123
5,1,0.82619107
6,1,0.8681113
7,1,0.8357468
8,1,0.9895606
9,1,0.9697611
10,1,0.8598533
11,1,0.9486091
12,1,0.99021286
13,1,0.9396284
14,1,0.8658749
15,1,0.91973794
16,1,0.7022694
17,1,0.9752008
18,1,0.90310246
19,1,0.96941704
20,1,0.96299267
21,1,0.9596065
22,1,0.99141425
23,1,0.9289139
24,1,0.937713
25,1,0.94225407
26,1,0.9135115
27,1,0.9480288
28,1,0.942756
29,1,0.7022694
30,1,0.9945834
31,1,0.9007122
32,1,0.92289805
33,1,0.94917893
34,1,0.8661016
35,1,0.81747276
36,1,0.9393247
37,1,0.98576134
38,1,0.9335259
39,1,0.8658749
40,1,0.80377173
41,1,0.89218986
42,1,0.94917893
43,1,0.98157954
44,1,0.89324564
45,1,0.99672514
46,1,0.81747276
47,1,0.9486091
48,1,0.96941704
49,1,0.9725585
50,1,0.96315366
51,1,0.9480505
52,1,0.9948148
53,1,0.9643551
54,1,0.9700217
55,1,0.8091704
56,1,0.9289139
57,1,0.9900004
58,1,0.94455075
59,1,0.9912333
60,1,0.91040134
61,1,0.9088182
62,1,0.8020123
63,1,0.81367654
64,1,0.9601061
65,1,0.9984352
66,1,0.9007519
67,1,0.98809916
68,1,0.9810894
69,1,0.82047445
70,1,0.84133744
71,1,0.96299267
72,1,0.9007122
73,1,0.96273893
74,1,0.86542785
75,1,0.8091704
76,1,0.86700016
77,1,0.73240536
78,1,0.9770594
79,1,0.8357468
80,1,0.9995295
81,1,0.9005592
82,1,0.9873586
83,1,0.99524033
84,1,0.9946274
85,1,0.94225407
86,1,0.8897952
87,1,0.78958464
88,1,0.9730328
89,1,0.93489105
90,1,0.92882556
91,1,0.922852
92,1,0.9383369
93,1,0.8658749
94,1,0.95518345
95,1,0.9692406
96,1,0.9941129
97,1,0.8650904
98,1,0.9821716
99,1,0.97046465
