Index,Predicted_Class,Probability
0,1,0.6994028
1,1,0.9866324
2,1,0.8565566
3,1,0.91894984
4,1,0.9391784
5,1,0.8697855
6,1,0.93013734
7,1,0.9717684
8,1,0.9881506
9,1,0.9267004
10,1,0.71748805
11,1,0.9480115
12,1,0.8643678
13,1,0.9044963
14,1,0.93935
15,1,0.9819686
16,1,0.99383533
17,1,0.7510176
18,1,0.8786102
19,1,0.9239152
20,1,0.9567488
21,1,0.9717684
22,1,0.924569
23,1,0.9028103
24,1,0.88340926
25,1,0.9613392
26,1,0.9524626
27,1,0.9881506
28,1,0.8180001
29,1,0.73859763
30,1,0.91774833
31,1,0.92233175
32,1,0.9391784
33,1,0.8288809
34,1,0.89541495
35,1,0.9586236
36,1,0.98565567
37,1,0.9451781
38,1,0.9949804
39,1,0.9567461
40,1,0.99062765
41,1,0.986188
42,1,0.978015
43,1,0.9004076
44,1,0.9150185
45,1,0.8288809
46,1,0.9531732
47,1,0.89992946
48,1,0.986188
49,1,0.9748769
50,1,0.9534634
51,1,0.9096331
52,1,0.8026583
53,1,0.9096331
54,1,0.8749576
55,1,0.99674726
56,1,0.9935057
57,1,0.9870531
58,1,0.8324469
59,1,0.924569
60,1,0.9748769
61,1,0.9958325
62,1,0.94907486
63,1,0.94883096
64,1,0.9277935
65,1,0.8135405
66,1,0.9552091
67,1,0.90747285
68,1,0.9391784
69,1,0.97064006
70,1,0.9531732
71,1,0.8894747
72,1,0.97238964
73,1,0.9474335
74,1,0.9778299
75,1,0.93935
76,1,0.9901714
77,1,0.84581774
78,1,0.92123
79,1,0.9122059
80,1,0.6471115
81,1,0.8749576
82,1,0.90250325
83,1,0.9676368
84,1,0.7753383
85,1,0.99472743
86,1,0.9909332
87,1,0.9531732
88,1,0.97496176
89,1,0.9571439
90,1,0.7916888
91,1,0.84053355
92,1,0.9742819
93,1,0.9452806
94,1,0.99472743
95,1,0.9060581
96,1,0.97208405
97,1,0.792006
98,1,0.9717684
99,1,0.9085276
