Index,Predicted_Class,Probability
0,1,0.9548956
1,1,0.94639623
2,1,0.9558349
3,1,0.93911827
4,1,0.97530407
5,1,0.9254554
6,1,0.9841883
7,1,0.7677075
8,1,0.959047
9,1,0.9206721
10,1,0.985918
11,1,0.92028254
12,1,0.86141163
13,1,0.8575116
14,1,0.901453
15,1,0.99670607
16,1,0.9681175
17,1,0.97525024
18,1,0.98189664
19,1,0.98185766
20,1,0.6744764
21,1,0.99316484
22,1,0.98618096
23,1,0.8535522
24,1,0.9642057
25,1,0.7006912
26,1,0.86410064
27,1,0.9747643
28,1,0.98054713
29,1,0.97839534
30,1,0.9969795
31,1,0.9283595
32,1,0.97167337
33,1,0.89549285
34,1,0.9629991
35,1,0.99919754
36,1,0.985918
37,1,0.9731514
38,1,0.97841597
39,1,0.90646476
40,1,0.97595894
41,1,0.8920693
42,1,0.97525024
43,1,0.8597323
44,1,0.9918671
45,1,0.9952407
46,1,0.97397524
47,1,0.6744764
48,1,0.97701573
49,1,0.7141965
50,1,0.985918
51,1,0.9136081
52,1,0.90646476
53,1,0.9193367
54,1,0.99464417
55,1,0.96435183
56,1,0.9438746
57,1,0.9601177
58,1,0.8920693
59,1,0.9681541
60,1,0.98687685
61,1,0.974736
62,1,0.95288295
63,1,0.9990816
64,1,0.9625648
65,1,0.94154555
66,1,0.9663097
67,1,0.99351126
68,1,0.9827519
69,1,0.92529255
70,1,0.92235607
71,1,0.95476115
72,1,0.83577245
73,1,0.9548956
74,1,0.9918138
75,1,0.95514166
76,1,0.99765176
77,1,0.959047
78,1,0.9681541
79,1,0.957067
80,1,0.8535522
81,1,0.9945707
82,1,0.9193367
83,1,0.969736
84,1,0.9315426
85,1,0.9883846
86,1,0.98081243
87,1,0.95288295
88,1,0.9731514
89,1,0.97234255
90,1,0.9813731
91,1,0.86141163
92,1,0.9626542
93,1,0.81637514
94,1,0.92529255
95,1,0.6366402
96,1,0.8161529
97,1,0.9930529
98,1,0.985918
99,1,0.8920693
