Index,Predicted_Class,Probability
0,1,0.9794555
1,1,0.9864205
2,1,0.9487214
3,1,0.9785817
4,1,0.94893426
5,1,0.9665627
6,1,0.9497667
7,1,0.73900115
8,1,0.98419076
9,1,0.94728166
10,1,0.70988154
11,1,0.8598932
12,1,0.9614419
13,1,0.9967759
14,1,0.9429812
15,1,0.9894163
16,1,0.98419076
17,1,0.9731247
18,1,0.8841763
19,1,0.88987154
20,1,0.9717382
21,1,0.9871128
22,1,0.9992762
23,1,0.87120515
24,1,0.94893426
25,1,0.9835634
26,1,0.9919016
27,1,0.9955343
28,1,0.9855548
29,1,0.9600473
30,1,0.6984567
31,1,0.716795
32,1,0.97559273
33,1,0.9988067
34,1,0.93457603
35,1,0.88987154
36,1,0.7104842
37,1,0.90579104
38,1,0.8466804
39,1,0.9739605
40,1,0.9448494
41,1,0.97877926
42,1,0.94023824
43,1,0.9487214
44,1,0.8669903
45,1,0.7104842
46,1,0.8098546
47,1,0.96004707
48,1,0.9894163
49,1,0.9438083
50,1,0.97877926
51,1,0.97961557
52,1,0.9433065
53,1,0.9665627
54,1,0.99121314
55,1,0.9268643
56,1,0.8598932
57,1,0.9901552
58,1,0.98923445
59,1,0.89061177
60,1,0.9634938
61,1,0.9217315
62,1,0.7887438
63,1,0.9757926
64,1,0.8990298
65,1,0.8584432
66,1,0.7445066
67,1,0.95083296
68,1,0.8021746
69,1,0.7887438
70,1,0.8098546
71,1,0.9513082
72,1,0.8938157
73,1,0.8698075
74,1,0.9043453
75,1,0.9892396
76,1,0.9717382
77,1,0.9110197
78,1,0.86311173
79,1,0.9662596
80,1,0.99168944
81,1,0.87120515
82,1,0.8990298
83,1,0.9790694
84,1,0.94153214
85,1,0.90644056
86,1,0.9587773
87,1,0.9894163
88,1,0.945672
89,1,0.93276244
90,1,0.6456577
91,1,0.98611325
92,1,0.99857056
93,1,0.9893411
94,1,0.86311173
95,1,0.7078962
96,1,0.98933536
97,1,0.8990298
98,1,0.96848774
99,1,0.91221005
