Index,Predicted_Class,Probability
0,1,0.9103852
1,1,0.9251385
2,1,0.9960891
3,1,0.99014366
4,1,0.9345127
5,1,0.9947655
6,1,0.98090786
7,1,0.94117266
8,1,0.9816009
9,1,0.99156946
10,1,0.9674268
11,1,0.90719527
12,1,0.9196191
13,1,0.80595857
14,1,0.942685
15,1,0.7997414
16,1,0.9329223
17,1,0.98516303
18,1,0.933687
19,1,0.93460196
20,1,0.9981823
21,1,0.9748164
22,1,0.7445726
23,1,0.9789281
24,1,0.97244895
25,1,0.92824537
26,1,0.67203194
27,1,0.91572624
28,1,0.91475344
29,1,0.9856689
30,1,0.7643568
31,1,0.8466136
32,1,0.970078
33,1,0.97798675
34,1,0.99155176
35,1,0.971466
36,1,0.97356534
37,1,0.99515474
38,1,0.98394066
39,1,0.95445806
40,1,0.9639071
41,1,0.96796584
42,1,0.99173224
43,1,0.96426135
44,1,0.95298797
45,1,0.9624834
46,1,0.9329223
47,1,0.9126209
48,1,0.9103852
49,1,0.8577508
50,1,0.9645524
51,1,0.90315485
52,1,0.9812827
53,1,0.9715971
54,1,0.9914043
55,1,0.96115595
56,1,0.82767624
57,1,0.7776494
58,1,0.96340764
59,1,0.933687
60,1,0.99673355
61,1,0.91475344
62,1,0.9599562
63,1,0.99761343
64,1,0.8577508
65,1,0.96796584
66,1,0.9860014
67,1,0.9798126
68,1,0.9762319
69,1,0.9762319
70,1,0.7776494
71,1,0.89309096
72,1,0.98893857
73,1,0.8924952
74,1,0.92734665
75,1,0.948098
76,1,0.9315734
77,1,0.9362999
78,1,0.96003354
79,1,0.9921802
80,1,0.9362999
81,1,0.9713868
82,1,0.9599562
83,1,0.96426135
84,1,0.97244895
85,1,0.9393615
86,1,0.9536031
87,1,0.97080123
88,1,0.88560826
89,1,0.98480505
90,1,0.985252
91,1,0.92339075
92,1,0.9938227
93,1,0.9888321
94,1,0.96003354
95,1,0.98238313
96,1,0.90315485
97,1,0.9799197
98,1,0.9768553
99,1,0.90719527
