Index,Predicted_Class,Probability
0,1,0.9778261
1,1,0.9801286
2,1,0.9794287
3,1,0.9884311
4,1,0.9106234
5,1,0.84806854
6,1,0.9734737
7,1,0.98663634
8,1,0.94961905
9,1,0.93505704
10,1,0.981218
11,1,0.96921027
12,1,0.9362369
13,1,0.98260695
14,1,0.91075784
15,1,0.9289703
16,1,0.8609941
17,1,0.99459696
18,1,0.9275656
19,1,0.93459123
20,1,0.90450966
21,1,0.93505704
22,1,0.9271156
23,1,0.9385607
24,1,0.99372137
25,1,0.8679803
26,1,0.99991226
27,1,0.98463887
28,1,0.9797305
29,1,0.87606096
30,1,0.90900046
31,1,0.924767
32,1,0.9454799
33,1,0.91880876
34,1,0.982951
35,1,0.9464643
36,1,0.9106234
37,1,0.95299554
38,1,0.8963995
39,1,0.98463887
40,1,0.99459696
41,1,0.9392992
42,1,0.9734737
43,1,0.9867792
44,1,0.9106234
45,1,0.9721728
46,1,0.9819843
47,1,0.8975657
48,1,0.9757622
49,1,0.95767754
50,1,0.8609941
51,1,0.9683634
52,1,0.9428564
53,1,0.9800253
54,1,0.9518246
55,1,0.9289703
56,1,0.924767
57,1,0.9362369
58,1,0.93416125
59,1,0.97079575
60,1,0.87644356
61,1,0.9061849
62,1,0.94961905
63,1,0.97630787
64,1,0.9778261
65,1,0.9718341
66,1,0.9786397
67,1,0.95615
68,1,0.6535867
69,1,0.96921027
70,1,0.99111044
71,1,0.97589636
72,1,0.86419904
73,1,0.9801286
74,1,0.9729793
75,1,0.93746346
76,1,0.95419407
77,1,0.9475057
78,1,0.90450966
79,1,0.97300196
80,1,0.95508903
81,1,0.9449655
82,1,0.8237073
83,1,0.97589636
84,1,0.9751813
85,1,0.9970776
86,1,0.952666
87,1,0.9919139
88,1,0.9746823
89,1,0.8666415
90,1,0.93445146
91,1,0.9834283
92,1,0.93004924
93,1,0.98636776
94,1,0.9457747
95,1,0.9834283
96,1,0.94224465
97,1,0.91880876
98,1,0.81906545
99,1,0.91075784
