Index,Predicted_Class,Probability
0,1,0.7661688
1,1,0.94647866
2,1,0.9924819
3,1,0.797096
4,1,0.96793616
5,1,0.97747827
6,1,0.887077
7,1,0.93442345
8,1,0.93267596
9,1,0.9467253
10,1,0.9020767
11,1,0.98542964
12,1,0.83599335
13,1,0.9939475
14,1,0.99683654
15,1,0.82373214
16,1,0.9525101
17,1,0.92877823
18,1,0.98383546
19,1,0.91130024
20,1,0.8989801
21,1,0.9841346
22,1,0.9829565
23,1,0.9873302
24,1,0.9417355
25,1,0.96520966
26,1,0.9498671
27,1,0.93267596
28,1,0.8989313
29,1,0.9782729
30,1,0.9983224
31,1,0.93699324
32,1,0.8572812
33,1,0.9429759
34,1,0.9620132
35,1,0.9856716
36,1,0.98506
37,1,0.99174166
38,1,0.9856716
39,1,0.8831865
40,1,0.9872295
41,1,0.90626997
42,1,0.98141485
43,1,0.98011154
44,1,0.8384109
45,1,0.94647866
46,1,0.7300822
47,1,0.88538456
48,1,0.97696257
49,1,0.9883916
50,1,0.98975813
51,1,0.9412489
52,1,0.91558
53,1,0.9746855
54,1,0.85763747
55,1,0.9444575
56,1,0.947223
57,1,0.98724294
58,1,0.9994937
59,1,0.99699056
60,1,0.9738594
61,1,0.82373214
62,1,0.9770806
63,1,0.89003986
64,1,0.97747827
65,1,0.9691282
66,1,0.7661688
67,1,0.8989313
68,1,0.9540446
69,1,0.88791656
70,1,0.8572812
71,1,0.9708934
72,1,0.9856716
73,1,0.9809395
74,1,0.9498671
75,1,0.95915496
76,1,0.9809395
77,1,0.90754133
78,1,0.7471195
79,1,0.96146333
80,1,0.9864103
81,1,0.91762394
82,1,0.97585994
83,1,0.9011036
84,1,0.98011154
85,1,0.9933797
86,1,0.97018
87,1,0.9634445
88,1,0.98506
89,1,0.9575188
90,1,0.9020767
91,1,0.9993967
92,1,0.97722465
93,1,0.8986533
94,1,0.98542964
95,1,0.9716722
96,1,0.98778033
97,1,0.9008373
98,1,0.96146333
99,1,0.9932509
