Index,Predicted_Class,Probability
0,1,0.8942143
1,1,0.99814296
2,1,0.92706585
3,1,0.9615667
4,1,0.8382269
5,1,0.97768503
6,1,0.96645
7,1,0.9626315
8,1,0.7599098
9,1,0.7722745
10,1,0.96289515
11,1,0.9340148
12,1,0.98767453
13,1,0.9961332
14,1,0.7567246
15,1,0.92706585
16,1,0.99847525
17,1,0.83104056
18,1,0.92571837
19,1,0.98627675
20,1,0.9677357
21,1,0.7599098
22,1,0.8937905
23,1,0.9155715
24,1,0.90101314
25,1,0.9435272
26,1,0.99054074
27,1,0.98026454
28,1,0.75178903
29,1,0.91054076
30,1,0.99229395
31,1,0.9677357
32,1,0.9910301
33,1,0.9443757
34,1,0.7376626
35,1,0.9967873
36,1,0.7722745
37,1,0.99270153
38,1,0.9801057
39,1,0.96482295
40,1,0.9277891
41,1,0.9386017
42,1,0.9921246
43,1,0.81779635
44,1,0.9777329
45,1,0.86855215
46,1,0.9130988
47,1,0.9130988
48,1,0.99054074
49,1,0.96482295
50,1,0.9777955
51,1,0.9727041
52,1,0.999476
53,1,0.9971576
54,1,0.9380768
55,1,0.9760858
56,1,0.9489135
57,1,0.9030101
58,1,0.98738885
59,1,0.9746927
60,1,0.8668955
61,1,0.9066077
62,1,0.9843614
63,1,0.99464107
64,1,0.99328953
65,1,0.9780489
66,1,0.96822023
67,1,0.895647
68,1,0.9130988
69,1,0.9967368
70,1,0.94714665
71,1,0.8937905
72,1,0.9756245
73,1,0.9606684
74,1,0.9643506
75,1,0.961508
76,1,0.98251384
77,1,0.9764662
78,1,0.9443757
79,1,0.94256425
80,1,0.94577384
81,1,0.9643506
82,1,0.9592145
83,1,0.9173337
84,1,0.9739706
85,1,0.99674857
86,1,0.943308
87,1,0.9767369
88,1,0.9136328
89,1,0.99036694
90,1,0.99328953
91,1,0.9277891
92,1,0.9713499
93,1,0.98841196
94,1,0.95618355
95,1,0.9645586
96,1,0.96822023
97,1,0.9473928
98,1,0.9489135
99,1,0.8937905
