Index,Predicted_Class,Probability
0,1,0.87689453
1,1,0.9690563
2,1,0.9173435
3,1,0.9415831
4,1,0.8823884
5,1,0.89572996
6,1,0.7746503
7,1,0.9339527
8,1,0.7735555
9,1,0.9125984
10,1,0.998524
11,1,0.93734807
12,1,0.9835067
13,1,0.8999008
14,1,0.9428875
15,1,0.9309131
16,1,0.8253461
17,1,0.87978995
18,1,0.97771376
19,1,0.99597126
20,1,0.9912363
21,1,0.97819304
22,1,0.90925646
23,1,0.9472677
24,1,0.9818002
25,1,0.9978948
26,1,0.9415831
27,1,0.9877685
28,1,0.96708363
29,1,0.9376257
30,1,0.9961473
31,1,0.99524313
32,1,0.95415163
33,1,0.962023
34,1,0.9990274
35,1,0.9881661
36,1,0.9544218
37,1,0.8969921
38,1,0.96048117
39,1,0.9618342
40,1,0.9117636
41,1,0.9233874
42,1,0.98077744
43,1,0.91654927
44,1,0.99341303
45,1,0.7838137
46,1,0.94014233
47,1,0.9949898
48,1,0.9211723
49,1,0.9713477
50,1,0.93097645
51,1,0.91873527
52,1,0.91873527
53,1,0.9990042
54,1,0.8253461
55,1,0.96582896
56,1,0.99681914
57,1,0.9544218
58,1,0.84258866
59,1,0.8842947
60,1,0.9415831
61,1,0.99131924
62,1,0.9929755
63,1,0.7746503
64,1,0.89734614
65,1,0.9344664
66,1,0.98196435
67,1,0.9618342
68,1,0.90951806
69,1,0.99458414
70,1,0.9988825
71,1,0.9565789
72,1,0.9626556
73,1,0.97953886
74,1,0.8305256
75,1,0.9711367
76,1,0.9912363
77,1,0.89734614
78,1,0.99597126
79,1,0.98185873
80,1,0.98656344
81,1,0.96874183
82,1,0.9862046
83,1,0.89734614
84,1,0.96708363
85,1,0.9914288
86,1,0.8823884
87,1,0.9211723
88,1,0.942974
89,1,0.8979581
90,1,0.8969921
91,1,0.9850129
92,1,0.9910947
93,1,0.99092114
94,1,0.96349895
95,1,0.96487844
96,1,0.97610664
97,1,0.9344664
98,1,0.96874183
99,1,0.87455887
