Index,Predicted_Class,Probability
0,1,0.98721015
1,1,0.99331796
2,1,0.9625994
3,1,0.9082844
4,1,0.7478469
5,1,0.89461535
6,1,0.8900537
7,1,0.9359453
8,1,0.80241555
9,1,0.940645
10,1,0.9208741
11,1,0.97083944
12,1,0.9504499
13,1,0.9872557
14,1,0.9679882
15,1,0.98070496
16,1,0.9919465
17,1,0.9625994
18,1,0.98070496
19,1,0.72257924
20,1,0.834262
21,1,0.9211429
22,1,0.97222733
23,1,0.9863312
24,1,0.9817089
25,1,0.9381878
26,1,0.97267
27,1,0.9401739
28,1,0.9926686
29,1,0.98721015
30,1,0.9797316
31,1,0.9793028
32,1,0.9482989
33,1,0.834262
34,1,0.9617841
35,1,0.89663446
36,1,0.9587332
37,1,0.9791444
38,1,0.9082844
39,1,0.98805654
40,1,0.9587138
41,1,0.9919465
42,1,0.95429975
43,1,0.96318465
44,1,0.96413946
45,1,0.9201838
46,1,0.9476592
47,1,0.9946002
48,1,0.99749774
49,1,0.8900537
50,1,0.9549928
51,1,0.96088547
52,1,0.97267
53,1,0.9871099
54,1,0.880194
55,1,0.96838945
56,1,0.9180597
57,1,0.96599
58,1,0.9581547
59,1,0.9963658
60,1,0.98275095
61,1,0.91739124
62,1,0.8802
63,1,0.97107846
64,1,0.93989766
65,1,0.9884547
66,1,0.97306913
67,1,0.93824863
68,1,0.80241555
69,1,0.97107846
70,1,0.96317214
71,1,0.940645
72,1,0.8802
73,1,0.9923133
74,1,0.97864145
75,1,0.95886374
76,1,0.9804376
77,1,0.72257924
78,1,0.8429527
79,1,0.93824863
80,1,0.84837335
81,1,0.9082298
82,1,0.9871617
83,1,0.940645
84,1,0.9775178
85,1,0.8903117
86,1,0.9580355
87,1,0.9871099
88,1,0.9625994
89,1,0.95444876
90,1,0.8870276
91,1,0.7478469
92,1,0.95303667
93,1,0.88274014
94,1,0.9379893
95,1,0.9797316
96,1,0.75115174
97,1,0.98495585
98,1,0.91739124
99,1,0.709756
