Index,Predicted_Class,Probability
0,1,0.88133776
1,1,0.8108807
2,1,0.89069515
3,1,0.95398796
4,1,0.8495127
5,1,0.88133776
6,1,0.9113856
7,1,0.8155805
8,1,0.9426076
9,1,0.97755456
10,1,0.8336921
11,1,0.72601426
12,1,0.9460893
13,1,0.95802176
14,1,0.8638583
15,1,0.88881487
16,1,0.98477685
17,1,0.9383648
18,1,0.99657464
19,1,0.9026406
20,1,0.9762087
21,1,0.81920975
22,1,0.95421475
23,1,0.9556572
24,1,0.91087466
25,1,0.92901564
26,1,0.98517215
27,1,0.93145436
28,1,0.9374091
29,1,0.97397375
30,1,0.9849727
31,1,0.95686996
32,1,0.9923034
33,1,0.8850229
34,1,0.9237558
35,1,0.97397375
36,1,0.89463425
37,1,0.95445275
38,1,0.96964574
39,1,0.9577792
40,1,0.921819
41,1,0.8905415
42,1,0.95398796
43,1,0.83165896
44,1,0.95891386
45,1,0.99141055
46,1,0.9249337
47,1,0.9405863
48,1,0.98234427
49,1,0.9595585
50,1,0.81920975
51,1,0.9984818
52,1,0.96875304
53,1,0.9616053
54,1,0.9595585
55,1,0.92901564
56,1,0.9946525
57,1,0.85549253
58,1,0.8638583
59,1,0.906245
60,1,0.9655636
61,1,0.9849727
62,1,0.8934581
63,1,0.7923521
64,1,0.99980336
65,1,0.4750442
66,1,0.7918633
67,1,0.98234427
68,1,0.94344157
69,1,0.98698807
70,1,0.987716
71,1,0.9694802
72,1,0.9795573
73,1,0.95421475
74,1,0.85549253
75,1,0.96054417
76,1,0.7923521
77,1,0.9489308
78,1,0.9092869
79,1,0.95398796
80,1,0.92996025
81,1,0.92901564
82,1,0.7923521
83,1,0.99336386
84,1,0.9188766
85,1,0.9872378
86,1,0.98698807
87,1,0.92901564
88,1,0.93463844
89,1,0.9501295
90,1,0.9651883
91,1,0.99497944
92,1,0.9086888
93,1,0.9026406
94,1,0.98023695
95,1,0.9966658
96,1,0.95817417
97,1,0.95442873
98,1,0.95684046
99,1,0.9281583
