Index,Predicted_Class,Probability
0,1,0.9919131
1,1,0.78213835
2,1,0.92893046
3,1,0.9684776
4,1,0.92893046
5,1,0.85994214
6,1,0.9969318
7,1,0.95737785
8,1,0.994806
9,1,0.99418914
10,1,0.9618688
11,1,0.9493807
12,1,0.9246183
13,1,0.97528607
14,1,0.54627293
15,1,0.9654479
16,1,0.9684776
17,1,0.95850503
18,1,0.9600278
19,1,0.98573375
20,1,0.973717
21,1,0.9830647
22,1,0.9440793
23,1,0.981006
24,1,0.94754916
25,1,0.9478738
26,1,0.9243293
27,1,0.97950464
28,1,0.9478738
29,1,0.9574843
30,1,0.8959288
31,1,0.9415276
32,1,0.9779946
33,1,0.9578042
34,1,0.9662328
35,1,0.9719492
36,1,0.73398554
37,1,0.9684776
38,1,0.9154522
39,1,0.9820187
40,1,0.9493807
41,1,0.9930027
42,1,0.9352419
43,1,0.9821806
44,1,0.86575663
45,1,0.99824584
46,1,0.9970716
47,1,0.78213835
48,1,0.94556963
49,1,0.98573375
50,1,0.9325043
51,1,0.9848658
52,1,0.87687206
53,1,0.9684776
54,1,0.94754916
55,1,0.9305361
56,1,0.98767483
57,1,0.87687206
58,1,0.9243293
59,1,0.92120886
60,1,0.93157685
61,1,0.9246183
62,1,0.94795483
63,1,0.98124987
64,1,0.98917246
65,1,0.994806
66,1,0.9763256
67,1,0.973717
68,1,0.9914472
69,1,0.9676116
70,1,0.9684776
71,1,0.8354721
72,1,0.98095924
73,1,0.8987841
74,1,0.99696106
75,1,0.9157675
76,1,0.9578042
77,1,0.97343487
78,1,0.934826
79,1,0.9441966
80,1,0.9676116
81,1,0.9793658
82,1,0.8948616
83,1,0.9930027
84,1,0.99318576
85,1,0.9243293
86,1,0.9440793
87,1,0.9909904
88,1,0.8954343
89,1,0.9352419
90,1,0.9975345
91,1,0.9661627
92,1,0.95181865
93,1,0.9948139
94,1,0.87687206
95,1,0.99353456
96,1,0.8954343
97,1,0.8959288
98,1,0.9376893
99,1,0.9709055
