Index,Predicted_Class,Probability
0,1,0.95826316
1,1,0.95291406
2,1,0.94043237
3,1,0.96823823
4,1,0.97481596
5,1,0.82935685
6,1,0.9762412
7,1,0.8247797
8,1,0.8856632
9,1,0.9866071
10,1,0.85474825
11,1,0.928615
12,1,0.9408958
13,1,0.8856632
14,1,0.7147334
15,1,0.94853806
16,1,0.9682072
17,1,0.95240295
18,1,0.9646725
19,1,0.9385377
20,1,0.9195956
21,1,0.99350727
22,1,0.9275035
23,1,0.89159983
24,1,0.9874719
25,1,0.9025178
26,1,0.9905318
27,1,0.97775114
28,1,0.96192527
29,1,0.9742197
30,1,0.99134177
31,1,0.9755962
32,1,0.9291464
33,1,0.8704396
34,1,0.95009446
35,1,0.9646725
36,1,0.96004266
37,1,0.94728386
38,1,0.8231169
39,1,0.95491844
40,1,0.83078206
41,1,0.953903
42,1,0.8231169
43,1,0.95438457
44,1,0.9363325
45,1,0.9860378
46,1,0.99229974
47,1,0.9599863
48,1,0.9866022
49,1,0.9013028
50,1,0.7338928
51,1,0.9860378
52,1,0.9481268
53,1,0.8735441
54,1,0.9556632
55,1,0.8247797
56,1,0.99062705
57,1,0.89487946
58,1,0.8824071
59,1,0.9415819
60,1,0.97717947
61,1,0.96192527
62,1,0.9852446
63,1,0.9198395
64,1,0.9505814
65,1,0.97775114
66,1,0.9725981
67,1,0.9806231
68,1,0.9696321
69,1,0.9793569
70,1,0.97560626
71,1,0.86693364
72,1,0.95997167
73,1,0.9804002
74,1,0.9039113
75,1,0.9198395
76,1,0.95291406
77,1,0.83078206
78,1,0.9408958
79,1,0.9263405
80,1,0.90332913
81,1,0.93399614
82,1,0.97229385
83,1,0.8945402
84,1,0.98982847
85,1,0.98882407
86,1,0.82677925
87,1,0.9359928
88,1,0.8311716
89,1,0.86693364
90,1,0.98808205
91,1,0.9949532
92,1,0.82677925
93,1,0.735187
94,1,0.97200984
95,1,0.8237849
96,1,0.94414675
97,1,0.9794972
98,1,0.9793569
99,1,0.953903
