Index,Predicted_Class,Probability
0,1,0.9599122
1,1,0.9482021
2,1,0.9859629
3,1,0.91261077
4,1,0.8523114
5,1,0.9981165
6,1,0.9306389
7,1,0.96343154
8,1,0.9143408
9,1,0.96878415
10,1,0.9451362
11,1,0.8341087
12,1,0.83198035
13,1,0.89421415
14,1,0.9003104
15,1,0.92943984
16,1,0.7636945
17,1,0.7910912
18,1,0.9578747
19,1,0.769008
20,1,0.9770245
21,1,0.861854
22,1,0.95911086
23,1,0.9825461
24,1,0.96340585
25,1,0.8341513
26,1,0.90614206
27,1,0.79873437
28,1,0.9432939
29,1,0.9898968
30,1,0.9670351
31,1,0.8565261
32,1,0.875419
33,1,0.9906662
34,1,0.94901294
35,1,0.99206877
36,1,0.98349565
37,1,0.98913246
38,1,0.7636945
39,1,0.7112515
40,1,0.9092251
41,1,0.9795284
42,1,0.5386573
43,1,0.9656085
44,1,0.9749703
45,1,0.9804567
46,1,0.7633884
47,1,0.96111876
48,1,0.9754946
49,1,0.99214196
50,1,0.9804269
51,1,0.8982884
52,1,0.9739431
53,1,0.885013
54,1,0.99453497
55,1,0.97574484
56,1,0.9812129
57,1,0.97447145
58,1,0.8994336
59,1,0.9090906
60,1,0.98048055
61,1,0.9946825
62,1,0.9849223
63,1,0.90311337
64,1,0.98607606
65,1,0.9889537
66,1,0.95326304
67,1,0.83198035
68,1,0.97204673
69,1,0.9811257
70,1,0.79873437
71,1,0.9729049
72,1,0.96343154
73,1,0.94764334
74,1,0.996262
75,1,0.9842367
76,1,0.9943094
77,1,0.98839056
78,1,0.9475512
79,1,0.938398
80,1,0.9997905
81,1,0.94901294
82,1,0.9718087
83,1,0.9332123
84,1,0.96343154
85,1,0.714727
86,1,0.996262
87,1,0.97424126
88,1,0.9728069
89,1,0.8341513
90,1,0.9931144
91,1,0.9090906
92,1,0.9878136
93,1,0.9523626
94,1,0.96516633
95,1,0.98107404
96,1,0.938398
97,1,0.8994336
98,1,0.9617976
99,1,0.98349565
