Index,Predicted_Class,Probability
0,1,0.963134
1,1,0.79815066
2,1,0.99251735
3,1,0.9162014
4,1,0.961814
5,1,0.98558074
6,1,0.90404624
7,1,0.90605766
8,1,0.99043465
9,1,0.98558074
10,1,0.9987459
11,1,0.9856926
12,1,0.9902818
13,1,0.95750934
14,1,0.9848904
15,1,0.9697841
16,1,0.9897413
17,1,0.983472
18,1,0.983472
19,1,0.9907392
20,1,0.9884376
21,1,0.9845163
22,1,0.9691087
23,1,0.9897413
24,1,0.9848904
25,1,0.98735946
26,1,0.9490431
27,1,0.8913335
28,1,0.914853
29,1,0.9527756
30,1,0.98194814
31,1,0.9213861
32,1,0.93000937
33,1,0.8478746
34,1,0.98090196
35,1,0.89842695
36,1,0.98699296
37,1,0.8956833
38,1,0.99136716
39,1,0.9829686
40,1,0.9293177
41,1,0.9504459
42,1,0.96552503
43,1,0.98984057
44,1,0.9963141
45,1,0.9379937
46,1,0.98781234
47,1,0.8478746
48,1,0.9707888
49,1,0.89842695
50,1,0.9940801
51,1,0.8789281
52,1,0.9796967
53,1,0.94350916
54,1,0.924501
55,1,0.9579165
56,1,0.9809053
57,1,0.9918583
58,1,0.98140544
59,1,0.96918696
60,1,0.98924303
61,1,0.853517
62,1,0.90605766
63,1,0.7705603
64,1,0.9335083
65,1,0.9496307
66,1,0.98413044
67,1,0.9031927
68,1,0.9848497
69,1,0.9599217
70,1,0.9856926
71,1,0.9161826
72,1,0.97943556
73,1,0.9490431
74,1,0.9223348
75,1,0.96552503
76,1,0.90396297
77,1,0.9161826
78,1,0.89892787
79,1,0.96519744
80,1,0.908934
81,1,0.9855643
82,1,0.90404624
83,1,0.94130945
84,1,0.992211
85,1,0.97928864
86,1,0.9873312
87,1,0.99636036
88,1,0.93849754
89,1,0.9950765
90,1,0.9729268
91,1,0.89842695
92,1,0.9318256
93,1,0.8076293
94,1,0.8913335
95,1,0.88258374
96,1,0.9599775
97,1,0.97209066
98,1,0.97072864
99,1,0.95761657
