Index,Predicted_Class,Probability
0,1,0.9235585
1,1,0.83532727
2,1,0.9941607
3,1,0.98620474
4,1,0.99215055
5,1,0.95009947
6,1,0.99642086
7,1,0.5026369
8,1,0.9898392
9,1,0.8097135
10,1,0.77599066
11,1,0.8886871
12,1,0.7188349
13,1,0.83783615
14,1,0.9372162
15,1,0.96204776
16,1,0.8859313
17,1,0.98923606
18,1,0.95431066
19,1,0.91045004
20,1,0.9696149
21,1,0.9431414
22,1,0.8329924
23,1,0.8834175
24,1,0.7494456
25,1,0.97050494
26,1,0.9136975
27,1,0.90117276
28,1,0.94866174
29,1,0.99117553
30,1,0.8736761
31,1,0.9976277
32,1,0.99928325
33,1,0.94314015
34,1,0.98823684
35,1,0.97729266
36,1,0.9844334
37,1,0.9507049
38,1,0.8090342
39,1,0.899998
40,1,0.99376714
41,1,0.8803309
42,1,0.964259
43,1,0.965168
44,1,0.9273777
45,1,0.93793255
46,1,0.9026827
47,1,0.7951503
48,1,0.89162636
49,1,0.9742765
50,1,0.94314015
51,1,0.96539426
52,1,0.99401456
53,1,0.79434824
54,1,0.84120363
55,1,0.95100665
56,1,0.9785079
57,1,0.96617484
58,1,0.9984775
59,1,0.97595483
60,1,0.7609854
61,1,0.9337307
62,1,0.9718535
63,1,0.96286213
64,1,0.95713687
65,1,0.8859313
66,1,0.9136975
67,1,0.96256304
68,1,0.7635275
69,1,0.94866174
70,1,0.95455617
71,1,0.9136975
72,1,0.9785079
73,1,0.9372162
74,1,0.998086
75,1,0.9235585
76,1,0.95654565
77,1,0.973332
78,1,0.94866174
79,1,0.97471094
80,1,0.9925223
81,1,0.95100665
82,1,0.9095819
83,1,0.96617484
84,1,0.9824918
85,1,0.99646485
86,1,0.99538004
87,1,0.934083
88,1,0.99055487
89,1,0.99205714
90,1,0.9524153
91,1,0.91045004
92,1,0.99183136
93,1,0.9958916
94,1,0.6625142
95,1,0.9539705
96,1,0.9696149
97,1,0.9741364
98,1,0.9524153
99,1,0.7936828
