Index,Predicted_Class,Probability
0,1,0.95164967
1,1,0.9785654
2,1,0.92215663
3,1,0.83752376
4,1,0.96101975
5,1,0.88188857
6,1,0.9769051
7,1,0.9285161
8,1,0.9368297
9,1,0.95754594
10,1,0.9769051
11,1,0.98385656
12,1,0.9984049
13,1,0.99556714
14,1,0.99094766
15,1,0.7691841
16,1,0.8621646
17,1,0.8980045
18,1,0.9631855
19,1,0.97343
20,1,0.8416486
21,1,0.9873022
22,1,0.9619871
23,1,0.9941816
24,1,0.9932239
25,1,0.98478484
26,1,0.97107387
27,1,0.9243026
28,1,0.9441423
29,1,0.925967
30,1,0.9775982
31,1,0.96683604
32,1,0.9632885
33,1,0.95164967
34,1,0.92215663
35,1,0.9622411
36,1,0.9865189
37,1,0.97343
38,1,0.96303016
39,1,0.9478756
40,1,0.9704399
41,1,0.97700447
42,1,0.9415876
43,1,0.97724766
44,1,0.99802977
45,1,0.8827854
46,1,0.7991003
47,1,0.9873022
48,1,0.95627666
49,1,0.9130289
50,1,0.8955844
51,1,0.9041291
52,1,0.9622411
53,1,0.95754594
54,1,0.9817962
55,1,0.914809
56,1,0.96869266
57,1,0.8595821
58,1,0.9441423
59,1,0.9479083
60,1,0.94547683
61,1,0.88465303
62,1,0.931507
63,1,0.9878421
64,1,0.8955844
65,1,0.96683604
66,1,0.8621646
67,1,0.95104957
68,1,0.9814214
69,1,0.95164967
70,1,0.8827854
71,1,0.9478756
72,1,0.9363781
73,1,0.9225038
74,1,0.9225038
75,1,0.9572286
76,1,0.8955844
77,1,0.92550784
78,1,0.9921829
79,1,0.93092686
80,1,0.97107387
81,1,0.9984049
82,1,0.88465303
83,1,0.63287944
84,1,0.8534797
85,1,0.8942812
86,1,0.8302042
87,1,0.9351123
88,1,0.9435098
89,1,0.8064612
90,1,0.9243026
91,1,0.78328663
92,1,0.950798
93,1,0.9572286
94,1,0.9202071
95,1,0.914809
96,1,0.8679693
97,1,0.97107387
98,1,0.8064612
99,1,0.9202071
