Index,Predicted_Class,Probability
0,1,0.9460924
1,1,0.97987044
2,1,0.88076735
3,1,0.9479986
4,1,0.9956185
5,1,0.9565078
6,1,0.9816018
7,1,0.87265044
8,1,0.9812657
9,1,0.9950747
10,1,0.936433
11,1,0.9152096
12,1,0.97427475
13,1,0.9719434
14,1,0.95346457
15,1,0.92971164
16,0,0.5930713
17,1,0.99617493
18,1,0.90704745
19,1,0.7755125
20,1,0.825291
21,1,0.9626417
22,1,0.9187481
23,1,0.9948921
24,1,0.9844254
25,1,0.927567
26,1,0.9824917
27,1,0.8822326
28,1,0.95850384
29,1,0.994503
30,1,0.61706793
31,1,0.9847044
32,1,0.95346457
33,1,0.96247625
34,1,0.96910113
35,1,0.95850384
36,1,0.936433
37,1,0.87495506
38,1,0.9429215
39,1,0.9629291
40,1,0.98148155
41,1,0.9570574
42,1,0.89448214
43,1,0.91922104
44,1,0.94560367
45,1,0.9880527
46,1,0.96206576
47,1,0.98995984
48,1,0.9460924
49,1,0.9880527
50,1,0.9530243
51,1,0.9801206
52,1,0.8977026
53,1,0.9615228
54,1,0.96206576
55,1,0.87533814
56,1,0.8845931
57,1,0.99464756
58,1,0.95337486
59,1,0.7981118
60,1,0.93909585
61,1,0.92573
62,1,0.9193027
63,1,0.7755125
64,1,0.86800104
65,1,0.96700376
66,1,0.905081
67,1,0.8759735
68,1,0.97584605
69,1,0.92697024
70,1,0.9265624
71,1,0.97584605
72,1,0.8145776
73,1,0.9177049
74,1,0.87533814
75,1,0.9892624
76,1,0.9570165
77,1,0.8673881
78,1,0.96700376
79,1,0.98481166
80,1,0.8977026
81,1,0.9962347
82,1,0.9904231
83,1,0.9553127
84,1,0.87495506
85,1,0.97254497
86,1,0.9886883
87,1,0.9886883
88,1,0.9918578
89,1,0.92335975
90,1,0.99849474
91,1,0.9699562
92,1,0.908461
93,1,0.8386565
94,1,0.8572831
95,1,0.95346457
96,1,0.8940655
97,1,0.9263207
98,1,0.97328556
99,1,0.8787362
