Index,Predicted_Class,Probability
0,1,0.9680562
1,1,0.9903244
2,1,0.9223545
3,1,0.814919
4,1,0.90064836
5,1,0.96746296
6,1,0.9683903
7,1,0.9088407
8,1,0.8783708
9,1,0.9854639
10,1,0.9744981
11,1,0.9931543
12,1,0.9387403
13,1,0.8109912
14,1,0.8717705
15,1,0.9731188
16,1,0.951907
17,1,0.952817
18,1,0.84529895
19,1,0.96396506
20,1,0.9630387
21,1,0.94691145
22,1,0.89716905
23,1,0.7705028
24,1,0.7705028
25,1,0.97563624
26,1,0.9774086
27,1,0.9744981
28,1,0.9738962
29,1,0.7929824
30,1,0.9428589
31,1,0.94281363
32,1,0.9731188
33,1,0.9881181
34,1,0.9767314
35,1,0.9931746
36,1,0.9623659
37,1,0.99087006
38,1,0.8681563
39,1,0.9912942
40,1,0.90064836
41,1,0.9009747
42,1,0.9860745
43,1,0.89716905
44,1,0.90207285
45,1,0.78470576
46,1,0.9521595
47,1,0.8681563
48,1,0.9952604
49,1,0.8680113
50,1,0.9900152
51,1,0.991028
52,1,0.9683903
53,1,0.9853538
54,1,0.9837429
55,1,0.9923733
56,1,0.9509857
57,1,0.8688405
58,1,0.9825441
59,1,0.9714873
60,1,0.9714873
61,1,0.8745455
62,1,0.9784373
63,1,0.9879715
64,1,0.98605156
65,1,0.70889676
66,1,0.9765087
67,1,0.98605156
68,1,0.9947627
69,1,0.9526108
70,1,0.88661176
71,1,0.9708808
72,1,0.9316834
73,1,0.94691145
74,1,0.98530406
75,1,0.9266709
76,1,0.9680562
77,1,0.83080894
78,1,0.9744981
79,1,0.9640065
80,1,0.9247888
81,1,0.78470576
82,1,0.89298993
83,1,0.91172326
84,1,0.9009747
85,1,0.9759186
86,1,0.9242643
87,1,0.9714873
88,1,0.9387403
89,1,0.97559196
90,1,0.8543609
91,1,0.9976579
92,1,0.90064836
93,1,0.9752653
94,1,0.84529895
95,1,0.70889676
96,1,0.9933832
97,1,0.94171333
98,1,0.9813138
99,1,0.963654
