Index,Predicted_Class,Probability
0,1,0.8910888
1,1,0.9954164
2,1,0.969812
3,1,0.9944613
4,1,0.9430168
5,1,0.6340036
6,1,0.95415944
7,1,0.97778136
8,1,0.875162
9,1,0.9837585
10,1,0.969812
11,1,0.9459556
12,1,0.9005416
13,1,0.81002593
14,1,0.71170515
15,1,0.7964437
16,1,0.94913954
17,1,0.9803429
18,1,0.89182353
19,1,0.93552953
20,1,0.8687867
21,1,0.9801609
22,1,0.9698575
23,1,0.9794667
24,1,0.8078645
25,1,0.9672307
26,1,0.9849284
27,1,0.9952838
28,1,0.98448217
29,1,0.91363496
30,1,0.99198896
31,1,0.89816195
32,1,0.9782485
33,1,0.99143994
34,1,0.9810875
35,1,0.9836902
36,1,0.98724
37,1,0.88143766
38,1,0.9782485
39,1,0.96143746
40,1,0.8374598
41,1,0.8801809
42,1,0.94811726
43,1,0.9598907
44,1,0.95483834
45,1,0.96204346
46,1,0.812589
47,1,0.9302932
48,1,0.88544357
49,1,0.93552953
50,1,0.9708238
51,1,0.95483834
52,1,0.92759293
53,1,0.986508
54,1,0.94703287
55,1,0.9459556
56,1,0.80055344
57,1,0.9011304
58,1,0.8977423
59,1,0.9849284
60,1,0.95483834
61,1,0.9842465
62,1,0.96275306
63,1,0.9936498
64,1,0.9711869
65,1,0.97778136
66,1,0.90166646
67,1,0.9411434
68,1,0.82599556
69,1,0.875162
70,1,0.89182353
71,1,0.9699435
72,1,0.94500893
73,1,0.8104946
74,1,0.98349184
75,1,0.9608849
76,1,0.9501942
77,1,0.9517786
78,1,0.9440949
79,1,0.88143766
80,1,0.9386462
81,1,0.95415944
82,1,0.97907853
83,1,0.8319076
84,1,0.964817
85,1,0.84680766
86,1,0.98349184
87,1,0.88262564
88,1,0.88115615
89,1,0.8977423
90,1,0.969812
91,1,0.99966383
92,1,0.9864696
93,1,0.9790719
94,1,0.88262564
95,1,0.812589
96,1,0.91506034
97,1,0.96519834
98,1,0.86421806
99,1,0.8910888
