Index,Predicted_Class,Probability
0,1,0.99597037
1,1,0.962665
2,1,0.99499124
3,1,0.98479307
4,1,0.7780803
5,1,0.9236817
6,1,0.93884003
7,1,0.9590363
8,1,0.96855956
9,1,0.99368
10,1,0.9725839
11,1,0.9837895
12,1,0.92243236
13,1,0.7588675
14,1,0.9603186
15,1,0.8491374
16,1,0.9665815
17,1,0.92976946
18,1,0.97470224
19,1,0.9550689
20,1,0.99013734
21,1,0.99309784
22,1,0.93662447
23,1,0.92976946
24,1,0.8660711
25,1,0.8627919
26,1,0.9568336
27,1,0.8758958
28,1,0.9340023
29,1,0.7735909
30,1,0.96972656
31,1,0.940472
32,1,0.99368
33,1,0.9704039
34,1,0.97679794
35,1,0.9883259
36,1,0.8122414
37,1,0.9707656
38,1,0.940472
39,1,0.9644319
40,1,0.90258473
41,1,0.79194635
42,1,0.94968003
43,1,0.9678693
44,1,0.8474317
45,1,0.9709173
46,1,0.885796
47,1,0.86126703
48,1,0.7535546
49,1,0.9883279
50,1,0.99542207
51,1,0.9590363
52,1,0.9113675
53,1,0.9504531
54,1,0.987805
55,1,0.9678693
56,1,0.9978782
57,1,0.8381078
58,1,0.8668329
59,1,0.9612883
60,1,0.98625726
61,1,0.9694372
62,1,0.946186
63,1,0.9196742
64,1,0.9993622
65,1,0.9113675
66,1,0.89583886
67,1,0.9026462
68,1,0.8758958
69,1,0.96505517
70,1,0.9835893
71,1,0.99576616
72,1,0.9890216
73,1,0.79194635
74,1,0.9845888
75,1,0.9196742
76,1,0.7735909
77,1,0.9783951
78,1,0.89583886
79,1,0.9927897
80,1,0.9296614
81,1,0.8559625
82,1,0.9892386
83,1,0.96855956
84,1,0.8491374
85,1,0.92976946
86,1,0.9125969
87,1,0.9571431
88,1,0.90572983
89,1,0.90258473
90,1,0.7535546
91,1,0.8770006
92,1,0.9096128
93,1,0.9927897
94,1,0.8668329
95,1,0.87970537
96,1,0.9383711
97,1,0.9655805
98,1,0.9550689
99,1,0.96143085
