Index,Predicted_Class,Probability
0,1,0.84227663
1,1,0.96642214
2,1,0.9291693
3,1,0.92244136
4,1,0.9903928
5,1,0.99601716
6,1,0.9298889
7,1,0.9517343
8,1,0.89454544
9,1,0.631152
10,1,0.869585
11,1,0.8758707
12,1,0.8758707
13,1,0.9926757
14,1,0.8383644
15,1,0.9944226
16,1,0.98575425
17,1,0.94767725
18,1,0.96642214
19,1,0.98696196
20,1,0.9378946
21,1,0.8346626
22,1,0.94431937
23,1,0.84735477
24,1,0.89454544
25,1,0.84227663
26,1,0.9972892
27,1,0.99653864
28,1,0.9847972
29,1,0.9288158
30,1,0.9835286
31,1,0.8204559
32,1,0.99038506
33,1,0.62919
34,1,0.9268159
35,1,0.9960628
36,1,0.5710882
37,1,0.9723159
38,1,0.99752444
39,1,0.9725361
40,1,0.92626894
41,1,0.88216466
42,1,0.95115364
43,1,0.9117753
44,1,0.94263923
45,1,0.8757279
46,1,0.9725361
47,1,0.9651577
48,1,0.9085524
49,1,0.7026592
50,1,0.9117753
51,1,0.9654345
52,1,0.94263923
53,1,0.9609706
54,1,0.9558324
55,1,0.8204559
56,1,0.9749639
57,1,0.94584817
58,1,0.97389436
59,1,0.92368937
60,1,0.9338532
61,1,0.94269097
62,1,0.9651577
63,1,0.9914436
64,1,0.99602985
65,1,0.96221006
66,1,0.96585023
67,1,0.88216466
68,1,0.98982143
69,1,0.9654345
70,1,0.99383473
71,1,0.8999365
72,1,0.96642214
73,1,0.9746446
74,1,0.99383473
75,1,0.97002184
76,1,0.9823131
77,1,0.8667583
78,1,0.9735955
79,1,0.95941997
80,1,0.9291693
81,1,0.9618138
82,1,0.9767383
83,1,0.9962394
84,1,0.5387747
85,1,0.9268159
86,1,0.9339312
87,1,0.9655871
88,1,0.92626894
89,1,0.88326126
90,1,0.78329057
91,1,0.8346626
92,1,0.90645593
93,1,0.9640406
94,1,0.84735477
95,1,0.98009676
96,1,0.94857764
97,1,0.9609706
98,1,0.9686978
99,1,0.9519833
