Index,Predicted_Class,Probability
0,1,0.8615885
1,1,0.9572319
2,1,0.9972408
3,1,0.96030754
4,1,0.963426
5,1,0.93641335
6,1,0.9975241
7,1,0.9214501
8,1,0.95453864
9,1,0.9671478
10,1,0.9431539
11,1,0.98626316
12,1,0.99627554
13,1,0.95267856
14,1,0.8911907
15,1,0.9556643
16,1,0.93641335
17,1,0.8585294
18,1,0.95483613
19,1,0.8365281
20,1,0.9553384
21,1,0.97326976
22,1,0.9672668
23,1,0.88823533
24,1,0.9334423
25,1,0.8697074
26,1,0.99014586
27,1,0.9947694
28,1,0.9572319
29,1,0.9917733
30,1,0.8997174
31,1,0.86244667
32,1,0.9476864
33,1,0.99938774
34,1,0.93900967
35,1,0.9338091
36,1,0.9705625
37,1,0.9260141
38,1,0.9820333
39,1,0.96225333
40,1,0.87670445
41,1,0.9259322
42,1,0.8718426
43,1,0.98058355
44,1,0.94891244
45,1,0.81522876
46,1,0.9479717
47,1,0.9214501
48,1,0.9865406
49,1,0.9502376
50,1,0.90365034
51,1,0.96173805
52,1,0.92109245
53,1,0.9227299
54,1,0.958757
55,1,0.94421214
56,1,0.9120112
57,1,0.97571045
58,1,0.92410177
59,1,0.9962792
60,1,0.9019841
61,1,0.9885385
62,1,0.9762616
63,1,0.81522876
64,1,0.8585294
65,1,0.85864556
66,1,0.958757
67,1,0.9860206
68,1,0.9859621
69,1,0.85864556
70,1,0.9941497
71,1,0.9572319
72,1,0.96518373
73,1,0.9931537
74,1,0.9700197
75,1,0.9236077
76,1,0.9818148
77,1,0.9522802
78,1,0.9776528
79,1,0.9289136
80,1,0.98058355
81,1,0.88823533
82,1,0.90112484
83,1,0.9864912
84,1,0.9334423
85,1,0.74840575
86,1,0.9738771
87,1,0.9227299
88,1,0.9377317
89,1,0.9931537
90,1,0.9309352
91,1,0.9669768
92,1,0.9927982
93,1,0.96030754
94,1,0.95881784
95,1,0.9812555
96,1,0.9454891
97,1,0.9882261
98,1,0.90381473
99,1,0.9522802
