Index,Predicted_Class,Probability
0,1,0.99323696
1,1,0.8771323
2,1,0.8572361
3,1,0.8651369
4,1,0.9505266
5,1,0.8572361
6,1,0.9676606
7,1,0.8099777
8,1,0.9594194
9,1,0.9818184
10,1,0.96697646
11,1,0.85829824
12,1,0.98226845
13,1,0.9419908
14,1,0.9815745
15,1,0.99617344
16,1,0.91169286
17,1,0.98105526
18,1,0.9668478
19,1,0.95989746
20,1,0.9673067
21,1,0.9537966
22,1,0.9688122
23,1,0.92932576
24,1,0.970706
25,1,0.7467477
26,1,0.9639439
27,1,0.9505266
28,1,0.72371095
29,1,0.8312057
30,1,0.8651369
31,1,0.9678302
32,1,0.96689403
33,1,0.8880735
34,1,0.95024437
35,1,0.9292084
36,1,0.98174345
37,1,0.95220065
38,1,0.63694674
39,1,0.995188
40,1,0.82661915
41,1,0.96958613
42,1,0.9688122
43,1,0.96944594
44,1,0.97124803
45,1,0.9580967
46,0,0.58374643
47,1,0.97213984
48,1,0.8910914
49,1,0.99741215
50,1,0.9828759
51,1,0.8808197
52,1,0.9685735
53,1,0.91851676
54,1,0.96849424
55,1,0.94261646
56,1,0.9668478
57,1,0.63694674
58,1,0.9620268
59,1,0.9809419
60,1,0.9685735
61,1,0.9867452
62,1,0.9637089
63,1,0.97788495
64,1,0.9549279
65,1,0.9628049
66,1,0.8456639
67,1,0.9818184
68,1,0.94910246
69,1,0.97556496
70,1,0.97438306
71,1,0.85829824
72,1,0.96689403
73,1,0.96849424
74,1,0.96958613
75,1,0.9990338
76,1,0.94910246
77,1,0.9906114
78,1,0.94694406
79,1,0.8910914
80,1,0.9891762
81,1,0.95024437
82,1,0.9489644
83,1,0.95990545
84,1,0.970706
85,1,0.9583071
86,1,0.91532505
87,1,0.8300044
88,1,0.91820794
89,1,0.9560421
90,1,0.99084187
91,1,0.8907292
92,1,0.8651369
93,1,0.988313
94,1,0.9870979
95,1,0.91851676
96,1,0.98174345
97,1,0.9688122
98,1,0.75129765
99,1,0.98046863
