Index,Predicted_Class,Probability
0,1,0.9735128
1,1,0.94600165
2,1,0.8804863
3,1,0.9926696
4,1,0.9835187
5,1,0.9592666
6,1,0.95942044
7,1,0.98032284
8,1,0.93102324
9,1,0.95860386
10,1,0.99163
11,1,0.9785744
12,1,0.9232662
13,1,0.9711873
14,1,0.98541254
15,1,0.93747336
16,1,0.81859666
17,1,0.9984817
18,1,0.92942744
19,1,0.95459425
20,1,0.99652654
21,1,0.8039189
22,1,0.9503445
23,1,0.93747336
24,1,0.91290545
25,1,0.96787596
26,1,0.99163
27,1,0.9726
28,1,0.9232662
29,1,0.93172044
30,1,0.9726
31,1,0.9655325
32,1,0.9871214
33,1,0.97371215
34,1,0.9182692
35,1,0.86457366
36,1,0.9953674
37,1,0.9421381
38,1,0.9656095
39,1,0.9513126
40,1,0.97069395
41,1,0.895557
42,1,0.98090017
43,1,0.94242394
44,1,0.9345114
45,1,0.9301807
46,1,0.9849059
47,1,0.9071339
48,1,0.9012567
49,1,0.6362875
50,1,0.9421381
51,1,0.9388162
52,1,0.98527503
53,1,0.9899714
54,1,0.8196409
55,1,0.9948088
56,1,0.95221484
57,1,0.81859666
58,1,0.92844725
59,1,0.96834475
60,1,0.99490815
61,1,0.9116327
62,1,0.94040066
63,1,0.9849059
64,1,0.98531383
65,1,0.98759973
66,1,0.9480424
67,1,0.957011
68,1,0.9518257
69,1,0.98759973
70,1,0.87560296
71,1,0.947688
72,1,0.9458451
73,1,0.95942044
74,1,0.86457366
75,1,0.9268204
76,1,0.93102324
77,1,0.97311836
78,1,0.9963839
79,1,0.94185966
80,1,0.9834731
81,1,0.94185966
82,1,0.87203264
83,1,0.9926696
84,1,0.91290545
85,1,0.9359261
86,1,0.9450517
87,1,0.6362875
88,1,0.98786885
89,1,0.94193906
90,1,0.9726
91,1,0.9935602
92,1,0.9524862
93,1,0.9777654
94,1,0.9899714
95,1,0.9547858
96,1,0.9434541
97,1,0.8962271
98,1,0.94040066
99,1,0.8148655
