Index,Predicted_Class,Probability
0,1,0.86436975
1,1,0.8925203
2,1,0.9842502
3,1,0.97853935
4,1,0.98656136
5,1,0.989195
6,1,0.922694
7,1,0.9804231
8,1,0.97986346
9,1,0.9853198
10,1,0.74568254
11,1,0.79432493
12,1,0.9853198
13,1,0.9736733
14,1,0.96990526
15,1,0.98196983
16,1,0.9678537
17,1,0.9890057
18,1,0.90056634
19,1,0.90185416
20,1,0.97989666
21,1,0.9842502
22,1,0.9423883
23,1,0.92833894
24,1,0.8784149
25,1,0.9853785
26,1,0.9592475
27,1,0.88423926
28,1,0.91639477
29,1,0.91804844
30,1,0.9686891
31,1,0.9347409
32,1,0.91094863
33,1,0.9244195
34,1,0.94198835
35,1,0.8960714
36,1,0.934034
37,1,0.8925203
38,1,0.9980186
39,1,0.91716725
40,1,0.8607114
41,1,0.8702298
42,1,0.93491685
43,1,0.9858453
44,1,0.88789535
45,1,0.9163727
46,1,0.8925203
47,1,0.98141474
48,1,0.9250132
49,1,0.9663863
50,1,0.84823704
51,1,0.97765654
52,1,0.69602215
53,1,0.97295153
54,1,0.91360533
55,1,0.97149944
56,1,0.88789535
57,1,0.8960714
58,1,0.88607
59,1,0.9027154
60,1,0.9146529
61,1,0.92833894
62,1,0.9592475
63,1,0.9686891
64,1,0.97991
65,1,0.9552439
66,1,0.98459053
67,1,0.9119882
68,1,0.88607
69,1,0.8607114
70,1,0.94034195
71,1,0.96626776
72,1,0.9844887
73,1,0.73774016
74,1,0.9492786
75,1,0.95346045
76,1,0.8775788
77,1,0.93704826
78,1,0.96423167
79,1,0.9866291
80,1,0.9806983
81,1,0.99614966
82,1,0.95346045
83,1,0.94133234
84,1,0.74568254
85,1,0.97853935
86,1,0.7942876
87,1,0.8513589
88,1,0.95346045
89,1,0.9706042
90,1,0.9877688
91,1,0.91639477
92,1,0.96907985
93,1,0.9889847
94,1,0.8925203
95,1,0.92185664
96,1,0.98812693
97,1,0.9709594
98,1,0.88423926
99,1,0.9373486
