Index,Predicted_Class,Probability
0,1,0.89650923
1,1,0.79221874
2,1,0.8879141
3,1,0.819568
4,1,0.976002
5,1,0.9822037
6,1,0.95789635
7,1,0.939299
8,1,0.91040075
9,1,0.9231428
10,1,0.95763195
11,1,0.9447486
12,1,0.819568
13,1,0.9841914
14,1,0.9627361
15,1,0.97626925
16,1,0.99615127
17,1,0.8219028
18,1,0.97613156
19,1,0.9742173
20,1,0.9177396
21,1,0.9011653
22,1,0.9231428
23,1,0.9789094
24,1,0.8999366
25,1,0.97613156
26,1,0.87139875
27,1,0.97855157
28,1,0.99718225
29,1,0.86572987
30,1,0.98353493
31,1,0.9794367
32,1,0.95032424
33,1,0.8999366
34,1,0.9568394
35,1,0.98949325
36,1,0.99044657
37,1,0.9627361
38,1,0.90611005
39,1,0.9789094
40,1,0.9417844
41,1,0.9876143
42,1,0.8866134
43,1,0.979565
44,1,0.88246626
45,1,0.943568
46,1,0.99168324
47,1,0.73099965
48,1,0.9553811
49,1,0.920314
50,1,0.9261761
51,1,0.9778555
52,1,0.79221874
53,1,0.9231428
54,1,0.9287012
55,1,0.95000774
56,1,0.99110717
57,1,0.9792845
58,1,0.88246626
59,1,0.8337215
60,1,0.939299
61,1,0.9925718
62,1,0.8770532
63,1,0.9887313
64,1,0.73099965
65,1,0.9011653
66,1,0.99279433
67,1,0.8866134
68,1,0.9431434
69,1,0.97612494
70,1,0.82874596
71,1,0.9566727
72,1,0.72104913
73,1,0.97429377
74,1,0.959303
75,1,0.9202465
76,1,0.75070757
77,1,0.949821
78,1,0.9443979
79,1,0.977776
80,1,0.99222374
81,1,0.91040075
82,1,0.8999366
83,1,0.977776
84,1,0.8896951
85,1,0.976771
86,1,0.96779656
87,1,0.89175004
88,1,0.9478305
89,1,0.75070757
90,1,0.97855157
91,1,0.95846593
92,1,0.8770532
93,1,0.997677
94,1,0.9287012
95,1,0.90611005
96,1,0.8097792
97,1,0.95000774
98,1,0.97747666
99,1,0.9177396
