Index,Predicted_Class,Probability
0,1,0.93400335
1,1,0.9807606
2,1,0.9667504
3,1,0.9744129
4,1,0.98485446
5,1,0.96075636
6,1,0.81603175
7,1,0.9988708
8,1,0.9920792
9,1,0.98485446
10,1,0.86796856
11,1,0.98144585
12,1,0.8274021
13,1,0.9007902
14,1,0.93842715
15,1,0.8933681
16,1,0.96075636
17,1,0.9716286
18,1,0.96820116
19,1,0.9067448
20,1,0.985849
21,1,0.82162297
22,1,0.7893263
23,1,0.985849
24,1,0.9409588
25,1,0.96563953
26,1,0.9770402
27,1,0.9339235
28,1,0.9528769
29,1,0.8542553
30,1,0.9514162
31,1,0.90113556
32,1,0.9860865
33,1,0.95013726
34,1,0.91144854
35,1,0.8543446
36,1,0.9872973
37,1,0.8830992
38,1,0.88733876
39,1,0.9880062
40,1,0.992105
41,1,0.95154816
42,1,0.9586243
43,1,0.9943322
44,1,0.9471623
45,1,0.9951421
46,1,0.6903879
47,1,0.9889642
48,1,0.96779376
49,1,0.9860865
50,1,0.9784743
51,1,0.7085077
52,1,0.97985405
53,1,0.9224785
54,1,0.992105
55,1,0.85179394
56,1,0.90736425
57,1,0.9809738
58,1,0.85179394
59,1,0.9545732
60,1,0.95336944
61,1,0.76771355
62,1,0.9714697
63,1,0.9743449
64,1,0.98440546
65,1,0.90770906
66,1,0.9471623
67,1,0.96462184
68,1,0.9428418
69,1,0.9437825
70,1,0.8781641
71,1,0.8270895
72,1,0.9719517
73,1,0.90770906
74,1,0.9814678
75,1,0.92203903
76,1,0.99632084
77,1,0.8270895
78,1,0.95236933
79,1,0.76771355
80,1,0.76771355
81,1,0.99569666
82,1,0.98672825
83,1,0.8165245
84,1,0.97371596
85,1,0.9902755
86,1,0.9083522
87,1,0.8542553
88,1,0.99113196
89,1,0.5454408
90,1,0.99875915
91,1,0.9771086
92,1,0.88733876
93,1,0.9437825
94,1,0.98310006
95,1,0.9601056
96,1,0.95336944
97,1,0.88588357
98,1,0.7893263
99,1,0.94518846
