Index,Predicted_Class,Probability
0,1,0.9184797
1,1,0.96890455
2,1,0.9893042
3,1,0.99201995
4,1,0.98634756
5,1,0.9958702
6,1,0.9769791
7,1,0.77582026
8,1,0.9202917
9,1,0.9292963
10,1,0.95370424
11,1,0.9604762
12,1,0.9874334
13,1,0.9820411
14,1,0.98900104
15,1,0.9876725
16,1,0.9445916
17,1,0.8922505
18,1,0.7195583
19,1,0.9516763
20,1,0.9953283
21,1,0.96273583
22,1,0.77582026
23,1,0.9130903
24,1,0.9875431
25,1,0.9544821
26,1,0.92830986
27,1,0.9543558
28,1,0.8556891
29,1,0.9656163
30,1,0.95802987
31,1,0.9929293
32,1,0.9989681
33,1,0.9178195
34,1,0.83354545
35,1,0.95370424
36,1,0.9474768
37,1,0.93601555
38,1,0.95566136
39,1,0.90460956
40,1,0.9413805
41,1,0.8891491
42,1,0.94333243
43,1,0.9975752
44,1,0.8891491
45,1,0.9245537
46,1,0.77658844
47,1,0.96944326
48,1,0.8652043
49,1,0.99860734
50,1,0.77658844
51,1,0.91753995
52,1,0.9932586
53,1,0.98778254
54,1,0.9271317
55,1,0.9588095
56,1,0.8075682
57,1,0.9906929
58,1,0.9532301
59,1,0.9914791
60,1,0.9604762
61,1,0.7195583
62,1,0.9656163
63,1,0.86866075
64,1,0.7782865
65,1,0.98032504
66,1,0.9383435
67,1,0.9202917
68,1,0.91222644
69,1,0.9988856
70,1,0.9612517
71,1,0.99494475
72,1,0.959368
73,1,0.9383435
74,1,0.9769791
75,1,0.9292963
76,1,0.8595004
77,1,0.9178195
78,1,0.96890455
79,1,0.93371886
80,1,0.8595004
81,1,0.97023344
82,1,0.93721735
83,1,0.7890094
84,1,0.86866075
85,1,0.8595004
86,1,0.7782865
87,1,0.9427309
88,1,0.89298886
89,1,0.6784012
90,1,0.9396298
91,1,0.9879518
92,1,0.9331938
93,1,0.9738019
94,1,0.8075682
95,1,0.9318153
96,1,0.8826641
97,1,0.83354545
98,1,0.9604762
99,1,0.92342657
