Index,Predicted_Class,Probability
0,1,0.94282645
1,1,0.9231622
2,1,0.9422726
3,1,0.9914163
4,1,0.9296904
5,1,0.98164785
6,1,0.96334654
7,1,0.9491364
8,1,0.8777617
9,1,0.9730493
10,1,0.96334654
11,1,0.977108
12,1,0.9698822
13,1,0.9960828
14,1,0.9526653
15,1,0.9854548
16,1,0.99506444
17,1,0.8404186
18,1,0.9885887
19,1,0.9422726
20,1,0.9512151
21,1,0.90572083
22,1,0.92242354
23,1,0.9717278
24,1,0.93796927
25,1,0.9337785
26,1,0.9033014
27,1,0.90996975
28,1,0.93796927
29,1,0.9378151
30,1,0.98164785
31,1,0.92881256
32,1,0.95824355
33,1,0.9116354
34,1,0.9172689
35,1,0.9526653
36,1,0.8912013
37,1,0.9838198
38,1,0.95735526
39,1,0.9855282
40,1,0.9377624
41,1,0.9876478
42,1,0.9530345
43,1,0.76855034
44,1,0.99539953
45,1,0.9641378
46,1,0.904601
47,1,0.9314379
48,1,0.976664
49,1,0.9987735
50,1,0.97401947
51,1,0.7894306
52,1,0.9989197
53,1,0.93481416
54,1,0.9454649
55,1,0.9842313
56,1,0.93672454
57,1,0.9512151
58,1,0.992732
59,1,0.96334654
60,1,0.9960913
61,1,0.89224356
62,1,0.9962297
63,1,0.9710236
64,1,0.9378151
65,1,0.9731434
66,1,0.9344381
67,1,0.9730493
68,1,0.9997936
69,1,0.98839754
70,1,0.9712995
71,1,0.91832674
72,1,0.95744514
73,1,0.976664
74,1,0.95744514
75,1,0.93059444
76,1,0.85175043
77,1,0.99681634
78,1,0.95363367
79,1,0.59248513
80,1,0.9856052
81,1,0.92580426
82,1,0.9715981
83,1,0.96047795
84,1,0.9987153
85,1,0.86951745
86,1,0.92645377
87,1,0.9033014
88,1,0.7894306
89,1,0.97740924
90,1,0.9896142
91,1,0.9296904
92,1,0.9314379
93,1,0.9775113
94,1,0.9225573
95,1,0.9715981
96,1,0.9352587
97,1,0.94468105
98,1,0.9245028
99,1,0.9730493
