Index,Predicted_Class,Probability
0,1,0.9636487
1,1,0.92105806
2,1,0.9787032
3,1,0.96339417
4,1,0.92411506
5,1,0.86411536
6,1,0.91397274
7,1,0.99874616
8,1,0.94117934
9,1,0.97960544
10,1,0.97335815
11,1,0.9645464
12,1,0.9299051
13,1,0.99801576
14,1,0.87631303
15,1,0.9763615
16,1,0.93491226
17,1,0.7234267
18,1,0.97749376
19,1,0.9766964
20,1,0.93301475
21,1,0.7834328
22,1,0.9773907
23,1,0.9220801
24,1,0.9831541
25,1,0.92357254
26,1,0.93636817
27,1,0.92627037
28,1,0.8321505
29,1,0.9724815
30,1,0.7964495
31,1,0.9806818
32,1,0.92357254
33,1,0.9830551
34,1,0.95362437
35,1,0.71864647
36,1,0.92627037
37,1,0.9135513
38,1,0.9209716
39,1,0.97335815
40,1,0.9590099
41,1,0.99120224
42,1,0.81413347
43,1,0.98941946
44,1,0.86419946
45,1,0.9495539
46,1,0.9618784
47,1,0.97279334
48,1,0.9495539
49,1,0.98191833
50,1,0.9599453
51,1,0.9088345
52,1,0.83817595
53,1,0.9358369
54,1,0.7964495
55,1,0.93632156
56,1,0.99066156
57,1,0.9200134
58,1,0.9536508
59,1,0.88838476
60,1,0.9105534
61,1,0.7646894
62,1,0.71864647
63,1,0.8824334
64,1,0.9773907
65,1,0.96258557
66,1,0.9186923
67,1,0.9533013
68,1,0.9636487
69,1,0.88838476
70,1,0.8781625
71,1,0.8804207
72,1,0.9298817
73,1,0.8026442
74,1,0.9599453
75,1,0.88720196
76,1,0.9825263
77,1,0.904398
78,1,0.9915475
79,1,0.86419946
80,1,0.9823314
81,1,0.93491226
82,1,0.9298817
83,1,0.9823072
84,1,0.9281991
85,1,0.9459676
86,1,0.92401224
87,1,0.7588434
88,1,0.93803626
89,1,0.8026442
90,1,0.9366077
91,1,0.94117934
92,1,0.94006014
93,1,0.9645464
94,1,0.99066156
95,1,0.97279334
96,1,0.9758784
97,1,0.95957154
98,1,0.97260755
99,1,0.99090236
