Index,Predicted_Class,Probability
0,1,0.9133558
1,1,0.95570284
2,1,0.9785983
3,1,0.97770655
4,1,0.9898017
5,1,0.99501204
6,1,0.94172937
7,1,0.7339225
8,1,0.8393406
9,1,0.9923497
10,1,0.9525233
11,1,0.9951566
12,1,0.99943644
13,1,0.9943137
14,1,0.71497893
15,1,0.89402187
16,1,0.9696465
17,1,0.9223598
18,1,0.98604786
19,1,0.99943644
20,1,0.97967106
21,1,0.9113971
22,1,0.8684046
23,1,0.9133558
24,1,0.8802968
25,1,0.94611335
26,1,0.792542
27,1,0.86108106
28,1,0.99705243
29,1,0.915223
30,1,0.91314626
31,1,0.9322507
32,1,0.9351489
33,1,0.71497893
34,1,0.964874
35,1,0.9794199
36,1,0.81120485
37,1,0.90588564
38,1,0.97541535
39,1,0.90801585
40,1,0.98234266
41,1,0.96729714
42,1,0.97124857
43,1,0.9716331
44,1,0.96706533
45,1,0.9951566
46,1,0.9574177
47,1,0.9749221
48,1,0.99975616
49,1,0.9603224
50,1,0.9937006
51,1,0.94971377
52,1,0.9574177
53,1,0.7640914
54,1,0.994169
55,1,0.95619667
56,1,0.792542
57,1,0.95590454
58,1,0.96605086
59,1,0.96908444
60,1,0.9456829
61,1,0.98700535
62,1,0.9547768
63,1,0.7339225
64,1,0.9984794
65,1,0.90588564
66,1,0.9834825
67,1,0.96903217
68,1,0.88833326
69,1,0.98882127
70,1,0.9665572
71,1,0.9984641
72,1,0.92614484
73,1,0.98775315
74,1,0.9716331
75,1,0.9542342
76,1,0.96514314
77,1,0.9451946
78,1,0.9258574
79,1,0.96514314
80,1,0.92143226
81,1,0.98775315
82,1,0.86108106
83,1,0.92721134
84,1,0.90516347
85,1,0.956527
86,1,0.9451946
87,1,0.94482267
88,1,0.7574896
89,1,0.9564724
90,1,0.98131746
91,1,0.85189253
92,1,0.9223598
93,1,0.95590454
94,1,0.8364988
95,1,0.9945161
96,1,0.9399917
97,1,0.94172937
98,1,0.89402187
99,1,0.9984641
