Index,Predicted_Class,Probability
0,1,0.92339045
1,1,0.8778441
2,1,0.9408968
3,1,0.99453676
4,1,0.9418336
5,1,0.95199656
6,1,0.88499355
7,1,0.9729581
8,1,0.86669147
9,1,0.9957728
10,1,0.94017607
11,1,0.9135287
12,1,0.9267986
13,1,0.9408968
14,1,0.98130566
15,1,0.91692907
16,1,0.96708506
17,1,0.9147096
18,1,0.98747814
19,1,0.88205135
20,1,0.77821344
21,1,0.97991127
22,1,0.94476336
23,1,0.99033666
24,1,0.86669147
25,1,0.7554647
26,1,0.88671
27,1,0.98516625
28,1,0.98789704
29,1,0.9405378
30,1,0.73358846
31,1,0.97670513
32,1,0.8137939
33,1,0.9135287
34,1,0.9454802
35,1,0.80805624
36,1,0.9653063
37,1,0.963568
38,1,0.9991974
39,1,0.98065865
40,1,0.958165
41,1,0.9454326
42,1,0.9828067
43,1,0.8370546
44,1,0.9865818
45,1,0.929262
46,1,0.9773566
47,1,0.83716244
48,1,0.9544443
49,1,0.80805624
50,1,0.93752384
51,1,0.82807493
52,1,0.98065865
53,1,0.968998
54,1,0.9059334
55,1,0.9296727
56,1,0.75211567
57,1,0.9605181
58,1,0.97975874
59,1,0.9882472
60,1,0.8410632
61,1,0.87117153
62,1,0.7732286
63,1,0.874898
64,1,0.9296727
65,1,0.930368
66,1,0.85953796
67,1,0.7732286
68,1,0.958165
69,1,0.8440338
70,1,0.95752025
71,1,0.9296727
72,1,0.93031824
73,1,0.9343912
74,1,0.9405468
75,1,0.8370546
76,1,0.9311906
77,1,0.9298767
78,1,0.99528366
79,1,0.9287978
80,1,0.7408854
81,1,0.8247784
82,1,0.95407856
83,1,0.9304005
84,1,0.9162185
85,1,0.9692039
86,1,0.99948347
87,1,0.896211
88,1,0.9523408
89,1,0.96891934
90,1,0.95556706
91,1,0.9544443
92,1,0.9165334
93,1,0.93426216
94,1,0.87117153
95,1,0.91653526
96,1,0.9904817
97,1,0.9892014
98,1,0.9777157
99,1,0.99476
