Index,Predicted_Class,Probability
0,1,0.7019669
1,1,0.9382179
2,1,0.98661023
3,1,0.94082296
4,1,0.8361104
5,1,0.97119707
6,1,0.98987794
7,1,0.97449696
8,1,0.9881368
9,1,0.99104816
10,1,0.88264287
11,1,0.7019669
12,1,0.8946477
13,1,0.8137008
14,1,0.8987787
15,1,0.8512939
16,1,0.8987787
17,1,0.9608121
18,1,0.98435533
19,1,0.96975917
20,1,0.91298294
21,1,0.9608121
22,1,0.94726014
23,1,0.8801379
24,1,0.90917414
25,1,0.99852836
26,1,0.9347336
27,1,0.966133
28,1,0.97343
29,1,0.947302
30,1,0.99827194
31,1,0.95807296
32,1,0.9633751
33,1,0.9540493
34,1,0.93324274
35,1,0.9553434
36,1,0.82998157
37,1,0.95938814
38,1,0.98184204
39,1,0.92731875
40,1,0.9794068
41,1,0.97231233
42,1,0.96481377
43,1,0.8915168
44,1,0.9633625
45,1,0.84718055
46,1,0.94331926
47,1,0.9699321
48,1,0.92731875
49,1,0.98084015
50,1,0.97765553
51,1,0.90267766
52,1,0.9715758
53,1,0.98626536
54,1,0.9906837
55,1,0.98672444
56,1,0.9699321
57,1,0.92587614
58,1,0.8915168
59,1,0.93324274
60,1,0.6231485
61,1,0.9956802
62,1,0.8314532
63,1,0.97052157
64,1,0.9842286
65,1,0.972562
66,1,0.90917414
67,1,0.76405877
68,1,0.95677716
69,1,0.93324274
70,1,0.9926846
71,1,0.9695821
72,1,0.96862406
73,1,0.96862406
74,1,0.93363804
75,1,0.943424
76,1,0.97231233
77,1,0.93961686
78,1,0.9633751
79,1,0.9261286
80,1,0.959392
81,1,0.9739134
82,1,0.8863371
83,1,0.9699593
84,1,0.99743134
85,1,0.8361104
86,1,0.9174726
87,1,0.90271884
88,1,0.959392
89,1,0.9382179
90,1,0.93830675
91,1,0.96692467
92,1,0.76405877
93,1,0.97765553
94,1,0.7702916
95,1,0.99087876
96,1,0.8640338
97,1,0.9699321
98,1,0.99362236
99,1,0.9372017
