Index,Predicted_Class,Probability
0,1,0.98972476
1,1,0.95114154
2,1,0.9068561
3,1,0.9404909
4,1,0.87498754
5,1,0.91849357
6,1,0.93769205
7,1,0.99674416
8,1,0.76414424
9,1,0.85919935
10,1,0.9404909
11,1,0.8996982
12,1,0.95957756
13,1,0.9688941
14,1,0.99714726
15,1,0.7141561
16,1,0.95735055
17,1,0.9887496
18,1,0.93761134
19,1,0.99368954
20,1,0.8042647
21,1,0.9313369
22,1,0.9236584
23,1,0.9893167
24,1,0.85367876
25,1,0.97685164
26,1,0.8768388
27,1,0.80853474
28,1,0.95028484
29,1,0.9448712
30,1,0.98777986
31,1,0.9871904
32,1,0.9291573
33,1,0.9813038
34,1,0.9693852
35,1,0.8590037
36,1,0.94280475
37,1,0.9653235
38,1,0.95957756
39,1,0.98363507
40,1,0.9699491
41,1,0.76571745
42,1,0.89863217
43,1,0.9788521
44,1,0.94762546
45,1,0.9509093
46,1,0.91081196
47,1,0.93621343
48,1,0.8865352
49,1,0.99437886
50,1,0.99127126
51,1,0.87498754
52,1,0.97876054
53,1,0.969443
54,1,0.6662599
55,1,0.79304785
56,1,0.9592654
57,1,0.9541391
58,1,0.91110533
59,1,0.9707667
60,1,0.9902824
61,1,0.9440585
62,1,0.79002494
63,1,0.97491825
64,1,0.9707667
65,1,0.9510609
66,1,0.9251295
67,1,0.99674416
68,1,0.9645483
69,1,0.87401336
70,1,0.84908473
71,1,0.80853474
72,1,0.9201972
73,1,0.9068561
74,1,0.99980336
75,1,0.6662599
76,1,0.76414424
77,1,0.9851967
78,1,0.76892734
79,1,0.92981184
80,1,0.9272649
81,1,0.9097484
82,1,0.9497627
83,1,0.9792741
84,1,0.9623954
85,1,0.9271585
86,1,0.93621343
87,1,0.96887356
88,1,0.85919935
89,1,0.9928277
90,1,0.98020864
91,1,0.88817173
92,1,0.79866093
93,1,0.9653235
94,1,0.93508255
95,1,0.9236584
96,1,0.85367876
97,1,0.9175733
98,1,0.95735055
99,1,0.8848951
