Index,Predicted_Class,Probability
0,1,0.9979505
1,1,0.9454663
2,1,0.99070954
3,1,0.9903977
4,1,0.9350235
5,1,0.95147866
6,1,0.98600173
7,1,0.9892707
8,1,0.9715688
9,1,0.95037776
10,1,0.90301555
11,1,0.81852376
12,1,0.8815488
13,1,0.971429
14,1,0.9662089
15,1,0.9842143
16,1,0.96507394
17,1,0.8609021
18,1,0.9586493
19,1,0.9749258
20,1,0.9772942
21,1,0.95621204
22,1,0.95147866
23,1,0.8962577
24,1,0.95147866
25,1,0.8499992
26,1,0.95700127
27,1,0.8826553
28,1,0.8499992
29,1,0.9363633
30,1,0.94984645
31,1,0.95986086
32,1,0.9454663
33,1,0.99364233
34,1,0.999212
35,1,0.89449835
36,1,0.8962577
37,1,0.8776366
38,1,0.96908164
39,1,0.96385354
40,1,0.97791415
41,1,0.9729797
42,1,0.93258035
43,1,0.8688794
44,1,0.98421097
45,1,0.89638996
46,1,0.8826553
47,1,0.8695252
48,1,0.94174737
49,1,0.9392665
50,1,0.9340236
51,1,0.85287637
52,1,0.93258035
53,1,0.98208034
54,1,0.926332
55,1,0.94813937
56,1,0.9066833
57,1,0.9416181
58,1,0.91801447
59,1,0.94822025
60,1,0.9754841
61,1,0.8715087
62,1,0.94813937
63,1,0.9586493
64,1,0.96109605
65,1,0.94791704
66,1,0.9474806
67,1,0.96960044
68,1,0.9643199
69,1,0.9586493
70,1,0.89248544
71,1,0.96612376
72,1,0.89391565
73,1,0.8833785
74,1,0.97840285
75,1,0.9340236
76,1,0.9990219
77,1,0.98180306
78,1,0.92572814
79,1,0.94984645
80,1,0.98303753
81,1,0.9761025
82,1,0.9489367
83,1,0.8695252
84,1,0.89391565
85,1,0.9977277
86,1,0.98362964
87,1,0.81852376
88,1,0.999353
89,1,0.9962639
90,1,0.91284466
91,1,0.9892306
92,1,0.95449305
93,1,0.9703488
94,1,0.9416181
95,1,0.9947914
96,1,0.8688794
97,1,0.95709825
98,1,0.99730885
99,1,0.9680273
