Index,Predicted_Class,Probability
0,1,0.95018375
1,1,0.95750624
2,1,0.97796154
3,1,0.94226134
4,1,0.94226134
5,1,0.9208141
6,1,0.9516494
7,1,0.93056023
8,1,0.9314585
9,1,0.9961957
10,1,0.99276626
11,1,0.9878956
12,1,0.96546406
13,1,0.9833629
14,1,0.94138044
15,1,0.9162225
16,1,0.97479486
17,1,0.92126817
18,1,0.90905136
19,1,0.97358364
20,1,0.95256007
21,1,0.9994462
22,1,0.8620168
23,1,0.9761589
24,1,0.9221798
25,1,0.9338112
26,1,0.98240215
27,1,0.94885236
28,1,0.9870733
29,1,0.96497315
30,1,0.53593063
31,1,0.91060096
32,1,0.9338112
33,1,0.7897122
34,1,0.8009225
35,1,0.9886258
36,1,0.9206063
37,1,0.9968072
38,1,0.9036654
39,1,0.63208646
40,1,0.9353949
41,1,0.9227192
42,1,0.9955745
43,1,0.8659057
44,1,0.99426055
45,1,0.84601825
46,1,0.9261111
47,1,0.96546406
48,1,0.950912
49,1,0.9741865
50,1,0.86852103
51,1,0.94143885
52,1,0.9814564
53,1,0.9339166
54,1,0.8856612
55,1,0.94138044
56,1,0.75646776
57,1,0.9581498
58,1,0.9860071
59,1,0.91060096
60,1,0.97195923
61,1,0.88046324
62,1,0.8811567
63,1,0.67394894
64,1,0.9838831
65,1,0.9114009
66,1,0.96235764
67,1,0.67394894
68,1,0.94885236
69,1,0.92978424
70,1,0.75646776
71,1,0.9206063
72,1,0.98911554
73,1,0.96575344
74,1,0.8659057
75,1,0.87422323
76,1,0.8009225
77,1,0.99873513
78,1,0.98764694
79,1,0.92978424
80,1,0.99276626
81,1,0.5890977
82,1,0.9294665
83,1,0.9603396
84,1,0.87104475
85,1,0.9569792
86,1,0.99957615
87,1,0.9347126
88,1,0.9987029
89,1,0.9186201
90,1,0.9741865
91,1,0.97123206
92,1,0.7897122
93,1,0.9170388
94,1,0.9001823
95,1,0.9689295
96,1,0.9304881
97,1,0.94226134
98,1,0.8972107
99,1,0.87264305
