Index,Predicted_Class,Probability
0,1,0.8587865
1,1,0.94777256
2,1,0.9982326
3,1,0.93692803
4,1,0.86074144
5,1,0.9872257
6,1,0.9930895
7,1,0.96659774
8,1,0.79627097
9,1,0.9644628
10,1,0.79722434
11,1,0.99519086
12,1,0.97754127
13,1,0.9549488
14,1,0.8820054
15,1,0.9999398
16,1,0.99936026
17,1,0.87927055
18,1,0.9345431
19,1,0.8814977
20,1,0.9401013
21,1,0.9536678
22,1,0.9536678
23,1,0.8579192
24,1,0.9586461
25,1,0.9644628
26,1,0.96659774
27,1,0.6559403
28,1,0.98453575
29,1,0.8712988
30,1,0.99337786
31,1,0.8618224
32,1,0.97419465
33,1,0.94432104
34,1,0.95713556
35,1,0.90624297
36,1,0.94865876
37,1,0.97440624
38,1,0.9705209
39,1,0.9526762
40,1,0.87972194
41,1,0.97754127
42,1,0.91031724
43,1,0.945796
44,1,0.96688545
45,1,0.9582829
46,1,0.9856294
47,1,0.7668703
48,1,0.87972194
49,1,0.8898067
50,1,0.9775634
51,1,0.8898067
52,1,0.91203123
53,1,0.94731104
54,1,0.98500615
55,1,0.98471916
56,1,0.97922486
57,1,0.9629241
58,1,0.57994294
59,1,0.9345431
60,1,0.98500615
61,1,0.8820054
62,1,0.91203123
63,1,0.9236552
64,1,0.88021165
65,1,0.97754127
66,1,0.953611
67,1,0.94777256
68,1,0.9427757
69,1,0.9890075
70,1,0.9770797
71,1,0.9835877
72,1,0.9499095
73,1,0.9498496
74,1,0.8863647
75,1,0.8814977
76,1,0.8820054
77,1,0.7967372
78,1,0.91100335
79,1,0.9605446
80,1,0.87927055
81,1,0.97419465
82,1,0.9731303
83,1,0.7005345
84,1,0.9731303
85,1,0.94731104
86,1,0.9586461
87,1,0.9111023
88,1,0.98298717
89,1,0.86836433
90,1,0.88021165
91,1,0.95606655
92,1,0.96486694
93,1,0.8938821
94,1,0.995331
95,1,0.923488
96,1,0.9432904
97,1,0.9486019
98,1,0.94865876
99,1,0.8587865
