Index,Predicted_Class,Probability
0,1,0.9819157
1,1,0.98085964
2,1,0.9186234
3,1,0.95570177
4,1,0.8813422
5,1,0.97733897
6,1,0.92640454
7,1,0.97906977
8,1,0.98709756
9,1,0.8175614
10,1,0.9485501
11,1,0.97449046
12,1,0.93871105
13,1,0.99360037
14,1,0.96576947
15,1,0.93491477
16,1,0.92507666
17,1,0.8825504
18,1,0.98144585
19,1,0.98423505
20,1,0.98792017
21,1,0.92992324
22,1,0.9906345
23,1,0.9629321
24,1,0.9279463
25,1,0.9235508
26,1,0.91292065
27,1,0.95535946
28,1,0.9585929
29,1,0.9062028
30,1,0.9994797
31,1,0.95986754
32,1,0.9751354
33,1,0.99019706
34,1,0.95556927
35,1,0.96576947
36,1,0.9864093
37,1,0.9239632
38,1,0.95535946
39,1,0.92585003
40,1,0.89292616
41,1,0.96240765
42,1,0.97646797
43,1,0.91082627
44,1,0.893608
45,1,0.9928565
46,1,0.95638806
47,1,0.8635773
48,1,0.89552075
49,1,0.93871105
50,1,0.92585003
51,1,0.9057133
52,1,0.94833285
53,1,0.981753
54,1,0.9780362
55,1,0.9457501
56,1,0.87985337
57,1,0.9729859
58,1,0.9785839
59,1,0.99818075
60,1,0.8635773
61,1,0.9460634
62,1,0.9906345
63,1,0.93871105
64,1,0.9960448
65,1,0.9803021
66,1,0.9235508
67,1,0.791203
68,1,0.9210694
69,1,0.9234668
70,1,0.8168249
71,1,0.98423505
72,1,0.92585003
73,1,0.87985337
74,1,0.8168249
75,1,0.9702655
76,1,0.93690157
77,1,0.97421074
78,1,0.9032395
79,1,0.9457501
80,1,0.981753
81,1,0.9778591
82,1,0.99000204
83,1,0.89666563
84,1,0.97397095
85,1,0.9206326
86,1,0.89666563
87,1,0.981753
88,1,0.9608189
89,1,0.98763764
90,1,0.98085964
91,1,0.9892378
92,1,0.9050754
93,1,0.99000204
94,1,0.9916822
95,1,0.87854254
96,1,0.9971909
97,1,0.9629802
98,1,0.98085964
99,1,0.9822443
