Index,Predicted_Class,Probability
0,1,0.97756517
1,1,0.5977782
2,1,0.91229576
3,1,0.91430414
4,1,0.94049984
5,1,0.8705185
6,1,0.9639513
7,1,0.9113458
8,1,0.85143775
9,1,0.9113458
10,1,0.9571598
11,1,0.84049857
12,1,0.8662405
13,1,0.8011501
14,1,0.73246485
15,1,0.8218845
16,1,0.9818895
17,1,0.91493696
18,1,0.99158293
19,1,0.98842734
20,1,0.99523276
21,1,0.93015516
22,1,0.968118
23,1,0.9813813
24,1,0.95321053
25,1,0.9109313
26,1,0.9533861
27,1,0.819177
28,1,0.980878
29,1,0.9469108
30,1,0.9971154
31,1,0.819177
32,1,0.970014
33,1,0.8979739
34,1,0.84805506
35,1,0.9191853
36,1,0.97396845
37,1,0.9619072
38,1,0.96910155
39,1,0.80492556
40,1,0.9579536
41,1,0.9852588
42,1,0.9565367
43,1,0.86615515
44,1,0.9445017
45,1,0.9913085
46,1,0.9469147
47,1,0.80492556
48,1,0.99228233
49,1,0.86205614
50,1,0.9429176
51,1,0.99092627
52,1,0.91407967
53,1,0.989233
54,1,0.91229576
55,1,0.9619072
56,1,0.9670391
57,1,0.99092627
58,1,0.9474861
59,1,0.9955557
60,1,0.9910129
61,1,0.9109313
62,1,0.95978147
63,1,0.9264912
64,1,0.94014
65,1,0.9580523
66,1,0.9467958
67,1,0.9786092
68,1,0.9657149
69,1,0.9943393
70,1,0.9263657
71,1,0.95176613
72,1,0.9813813
73,1,0.9113458
74,1,0.94499797
75,1,0.85143775
76,1,0.8844432
77,1,0.98707527
78,1,0.9938407
79,1,0.7236915
80,1,0.8311638
81,1,0.92718726
82,1,0.94536847
83,1,0.9884431
84,1,0.8845211
85,1,0.84805506
86,1,0.9528189
87,1,0.9495569
88,1,0.91430414
89,1,0.9237723
90,1,0.9565367
91,1,0.9533861
92,1,0.88364804
93,1,0.83027166
94,1,0.9619072
95,1,0.99158293
96,1,0.8909875
97,1,0.97756517
98,1,0.86493427
99,1,0.99487126
