Index,Predicted_Class,Probability
0,1,0.8942728
1,1,0.98228896
2,1,0.9205591
3,1,0.94822556
4,1,0.9888058
5,1,0.8966742
6,1,0.8685792
7,1,0.99217355
8,1,0.8838608
9,1,0.9854139
10,1,0.951889
11,1,0.9805784
12,1,0.8345183
13,1,0.9750157
14,1,0.8345184
15,1,0.90776587
16,1,0.97504574
17,1,0.9685516
18,1,0.96435946
19,1,0.9712403
20,1,0.958778
21,1,0.9685516
22,1,0.9913685
23,1,0.95983756
24,1,0.98351395
25,1,0.9816774
26,1,0.9712403
27,1,0.951889
28,1,0.83295876
29,1,0.9384812
30,1,0.9987367
31,1,0.91847235
32,1,0.96977645
33,1,0.9880356
34,1,0.97194314
35,1,0.9379291
36,1,0.9180512
37,1,0.9884199
38,1,0.8491882
39,1,0.9941187
40,1,0.99610436
41,1,0.8705406
42,1,0.94197726
43,1,0.99235076
44,1,0.9162007
45,1,0.87071484
46,1,0.94822556
47,1,0.89419013
48,1,0.8345183
49,1,0.93541825
50,1,0.85369825
51,1,0.85369825
52,1,0.98951995
53,1,0.9823607
54,1,0.9685516
55,1,0.98351395
56,1,0.9793634
57,1,0.99392515
58,1,0.9624861
59,1,0.9338428
60,1,0.90106916
61,1,0.7555265
62,1,0.99797565
63,1,0.97563577
64,1,0.8782086
65,1,0.9890035
66,1,0.95490146
67,1,0.9205591
68,1,0.9712403
69,1,0.9940467
70,1,0.9295849
71,1,0.9747798
72,1,0.9698849
73,1,0.89419013
74,1,0.8603627
75,1,0.93801016
76,1,0.890457
77,1,0.9781186
78,1,0.9961094
79,1,0.85369825
80,1,0.95058024
81,1,0.86024964
82,1,0.9851753
83,1,0.7118722
84,1,0.8705406
85,1,0.878038
86,1,0.97764456
87,1,0.9784897
88,1,0.9385249
89,1,0.9162007
90,1,0.99909663
91,1,0.90258646
92,1,0.85657144
93,1,0.98739445
94,1,0.93541825
95,1,0.9884199
96,1,0.8621195
97,1,0.8233876
98,1,0.9648888
99,1,0.9779383
