Index,Predicted_Class,Probability
0,1,0.93906736
1,1,0.95959866
2,1,0.98636484
3,1,0.9723632
4,1,0.84250057
5,1,0.9639411
6,1,0.8675954
7,1,0.9300936
8,1,0.97525513
9,1,0.9976349
10,1,0.94064045
11,1,0.99729544
12,1,0.81368065
13,1,0.9566024
14,1,0.9237428
15,1,0.8732159
16,1,0.9085459
17,1,0.8645397
18,1,0.9790324
19,1,0.9724874
20,1,0.99173295
21,1,0.74163663
22,1,0.8898051
23,1,0.9444493
24,1,0.93960464
25,1,0.9854466
26,1,0.94213593
27,1,0.9841224
28,1,0.93867445
29,1,0.9238093
30,1,0.9210648
31,1,0.8590677
32,1,0.92728484
33,1,0.9354308
34,1,0.9610088
35,1,0.9158138
36,1,0.74163663
37,1,0.93906736
38,1,0.9690787
39,1,0.8692728
40,1,0.97756857
41,1,0.98188674
42,1,0.9339777
43,1,0.9895663
44,1,0.95959866
45,1,0.9587282
46,1,0.9775354
47,1,0.978953
48,1,0.9823392
49,1,0.88786453
50,1,0.94277996
51,1,0.84368813
52,1,0.9805055
53,1,0.68198144
54,1,0.88146216
55,1,0.8846618
56,1,0.9257367
57,1,0.8945813
58,1,0.9942661
59,1,0.83524346
60,1,0.97583634
61,1,0.9049007
62,1,0.87778616
63,1,0.97581494
64,1,0.8898051
65,1,0.9929899
66,1,0.98832756
67,1,0.94226784
68,1,0.9397565
69,1,0.94288117
70,1,0.9735768
71,1,0.9243917
72,1,0.9683957
73,1,0.91512233
74,1,0.99174106
75,1,0.94226784
76,1,0.98631895
77,1,0.9493973
78,1,0.8486857
79,1,0.94013435
80,1,0.7896449
81,1,0.93377846
82,1,0.9733989
83,1,0.84368813
84,1,0.9841224
85,1,0.96103716
86,1,0.9646865
87,1,0.91110176
88,1,0.9874464
89,1,0.9422444
90,1,0.9823607
91,1,0.87004006
92,1,0.99883825
93,1,0.93377846
94,1,0.88786453
95,1,0.9444493
96,1,0.93286216
97,1,0.8304836
98,1,0.9865411
99,1,0.96320045
