Index,Predicted_Class,Probability
0,1,0.961791
1,1,0.9601444
2,1,0.9743506
3,1,0.9542787
4,1,0.9752651
5,1,0.98703194
6,1,0.8427494
7,1,0.99316216
8,1,0.9940965
9,1,0.9446422
10,1,0.81074166
11,1,0.8589036
12,1,0.9271393
13,1,0.81074166
14,1,0.9100829
15,1,0.93300855
16,1,0.60309523
17,1,0.72375274
18,1,0.96217376
19,1,0.93544084
20,1,0.9786269
21,1,0.94288677
22,1,0.9535581
23,1,0.9455542
24,1,0.94284874
25,1,0.971455
26,1,0.9786349
27,1,0.8530467
28,1,0.98758614
29,1,0.91365606
30,1,0.887056
31,1,0.97794205
32,1,0.96549094
33,1,0.9969439
34,1,0.84701186
35,1,0.96217376
36,1,0.9700375
37,1,0.9519736
38,1,0.9519736
39,1,0.60309523
40,1,0.99877375
41,1,0.9942151
42,1,0.96217376
43,1,0.93300855
44,1,0.9777526
45,1,0.8885697
46,1,0.9226133
47,1,0.72897595
48,1,0.9398355
49,1,0.9767537
50,1,0.5147151
51,1,0.9224532
52,1,0.9519736
53,1,0.95793796
54,1,0.9932334
55,1,0.9991879
56,1,0.8589036
57,1,0.9777526
58,1,0.96033084
59,1,0.98601866
60,1,0.97417337
61,1,0.959114
62,1,0.96141917
63,1,0.987022
64,1,0.99376476
65,1,0.92422295
66,1,0.9716764
67,1,0.9420087
68,1,0.898938
69,1,0.93356645
70,1,0.9042009
71,1,0.8885697
72,1,0.9858927
73,1,0.9271393
74,1,0.8560222
75,1,0.9100829
76,1,0.95793796
77,1,0.9947806
78,1,0.9860488
79,1,0.82717687
80,1,0.9535581
81,1,0.9100829
82,1,0.864268
83,1,0.99828786
84,1,0.9969439
85,1,0.9981293
86,1,0.99346995
87,1,0.9388744
88,1,0.8237086
89,1,0.9874746
90,1,0.93452793
91,1,0.98321277
92,1,0.8306512
93,1,0.9997825
94,1,0.9766285
95,1,0.94437784
96,1,0.8237262
97,1,0.5147151
98,1,0.9916583
99,1,0.9690962
