Index,Predicted_Class,Probability
0,1,0.93370515
1,1,0.98370636
2,1,0.98942417
3,1,0.8969948
4,1,0.8294018
5,1,0.9315548
6,1,0.95335037
7,1,0.9867966
8,1,0.8944925
9,1,0.907277
10,1,0.82171017
11,1,0.9741305
12,1,0.9477294
13,1,0.82783914
14,1,0.95451564
15,1,0.97114265
16,1,0.96870315
17,1,0.8558955
18,1,0.907277
19,1,0.9989982
20,1,0.9447064
21,1,0.9917395
22,1,0.9835957
23,1,0.9602828
24,1,0.9484931
25,1,0.95412743
26,1,0.8969948
27,1,0.9821713
28,1,0.8944925
29,1,0.96294594
30,1,0.98767465
31,1,0.82171017
32,1,0.9436654
33,1,0.9279075
34,1,0.9514599
35,1,0.9917395
36,1,0.96594685
37,1,0.99348277
38,1,0.9008418
39,1,0.96563464
40,1,0.99402064
41,1,0.930549
42,1,0.944418
43,1,0.9412512
44,1,0.95412743
45,1,0.9234559
46,1,0.93370515
47,1,0.96817064
48,1,0.991364
49,1,0.9534847
50,1,0.9602828
51,1,0.8515739
52,1,0.9279075
53,1,0.9553897
54,1,0.9008418
55,1,0.5144268
56,1,0.95322955
57,1,0.96511126
58,1,0.9914779
59,1,0.99763334
60,1,0.94162655
61,1,0.96870315
62,1,0.8801165
63,1,0.99348277
64,1,0.96511126
65,1,0.9300166
66,1,0.91654444
67,1,0.96563464
68,1,0.9447064
69,1,0.8970292
70,1,0.92921454
71,1,0.9514599
72,1,0.93739134
73,1,0.94234073
74,1,0.7100296
75,1,0.9270052
76,1,0.9513824
77,1,0.97682047
78,1,0.95322955
79,1,0.9743163
80,1,0.95335037
81,1,0.98179686
82,1,0.98035735
83,1,0.99360234
84,1,0.9660713
85,1,0.9696918
86,1,0.97808677
87,1,0.9596794
88,1,0.94475937
89,1,0.951941
90,1,0.99047196
91,1,0.93574053
92,1,0.5144268
93,1,0.9841605
94,1,0.94162655
95,1,0.99051684
96,1,0.9337904
97,1,0.9959116
98,1,0.9916215
99,1,0.96294594
