Index,Predicted_Class,Probability
0,1,0.9077679
1,1,0.93001246
2,1,0.9871422
3,1,0.51627856
4,1,0.974859
5,1,0.92246014
6,1,0.9099675
7,1,0.902528
8,1,0.99398816
9,1,0.99398816
10,1,0.9774284
11,1,0.9671358
12,1,0.88515687
13,1,0.9862933
14,1,0.9455938
15,1,0.9025827
16,1,0.88253915
17,1,0.9968893
18,1,0.88253915
19,1,0.9714993
20,1,0.6728788
21,1,0.9933176
22,1,0.9285689
23,1,0.9877701
24,1,0.9766971
25,1,0.91106004
26,1,0.99736243
27,1,0.9944301
28,1,0.94473433
29,1,0.97520876
30,1,0.9937949
31,1,0.99816954
32,1,0.9881295
33,1,0.9425044
34,1,0.91084695
35,1,0.77598494
36,1,0.9669831
37,1,0.9904683
38,1,0.9732233
39,1,0.89139736
40,1,0.9102171
41,1,0.89165074
42,1,0.7590576
43,1,0.92031676
44,1,0.91201776
45,1,0.93001246
46,1,0.74101865
47,1,0.89641744
48,1,0.90447134
49,1,0.96340233
50,1,0.83582747
51,1,0.90127856
52,1,0.74101865
53,1,0.8897025
54,1,0.9936062
55,1,0.92031676
56,1,0.9733367
57,1,0.9425044
58,1,0.91038257
59,1,0.99428624
60,1,0.89801174
61,1,0.7221012
62,1,0.91201776
63,1,0.90127856
64,1,0.95221376
65,1,0.99806076
66,1,0.98454154
67,1,0.93119854
68,1,0.9191095
69,1,0.9877701
70,1,0.9077679
71,1,0.9334199
72,1,0.8661757
73,1,0.90127856
74,1,0.9897628
75,1,0.93119854
76,1,0.99517703
77,1,0.9800944
78,1,0.8848776
79,1,0.93165296
80,1,0.94001836
81,1,0.9608609
82,1,0.9706476
83,1,0.9379591
84,1,0.97611713
85,1,0.9626511
86,1,0.9147533
87,1,0.9343156
88,1,0.9881295
89,1,0.95628375
90,1,0.95585203
91,1,0.9986706
92,1,0.98419803
93,1,0.80651563
94,1,0.92246014
95,1,0.9284693
96,1,0.9717172
97,1,0.92630243
98,1,0.6458437
99,1,0.90447134
