Index,Predicted_Class,Probability
0,1,0.9840184
1,1,0.98571557
2,1,0.80904365
3,1,0.9490068
4,1,0.8651716
5,1,0.98330784
6,1,0.96588624
7,1,0.98326474
8,1,0.9766703
9,1,0.8397036
10,1,0.96113575
11,1,0.619425
12,1,0.94137585
13,1,0.8486016
14,1,0.80904365
15,1,0.97003394
16,1,0.98828155
17,1,0.94769406
18,1,0.9468298
19,1,0.9468298
20,1,0.9679959
21,1,0.98340225
22,1,0.9056387
23,1,0.89413965
24,1,0.95425534
25,1,0.9677289
26,1,0.98506814
27,1,0.9552934
28,1,0.8920016
29,1,0.95785713
30,1,0.94769406
31,1,0.96705264
32,1,0.996673
33,1,0.9934576
34,1,0.98506814
35,1,0.98591065
36,1,0.89413965
37,1,0.96756524
38,1,0.8397036
39,1,0.9904467
40,1,0.96390647
41,1,0.8992138
42,1,0.9955584
43,1,0.91501015
44,1,0.88097614
45,1,0.9897169
46,1,0.9696209
47,1,0.970357
48,1,0.9527584
49,1,0.9641297
50,1,0.9115401
51,1,0.9241893
52,1,0.90803045
53,1,0.9451668
54,1,0.99283546
55,1,0.9781226
56,1,0.5761132
57,1,0.99943966
58,1,0.9490068
59,1,0.96390647
60,1,0.9894538
61,1,0.96113575
62,1,0.9679959
63,1,0.8589519
64,1,0.9829937
65,1,0.97870183
66,1,0.96588624
67,1,0.98245424
68,1,0.98869437
69,1,0.97360533
70,1,0.77771014
71,1,0.8305029
72,1,0.86991626
73,1,0.99301434
74,1,0.93552715
75,1,0.9792724
76,1,0.9505998
77,1,0.9796683
78,1,0.8778386
79,1,0.9371762
80,1,0.8486016
81,1,0.81267565
82,1,0.99728537
83,1,0.7147098
84,1,0.9781226
85,1,0.8992138
86,1,0.98926824
87,1,0.9490068
88,1,0.7585207
89,1,0.9831718
90,1,0.8189767
91,1,0.74461734
92,1,0.8397036
93,1,0.9115401
94,1,0.94335127
95,1,0.8871301
96,1,0.9743886
97,1,0.9787996
98,1,0.9636781
99,1,0.98869437
