Index,Predicted_Class,Probability
0,1,0.9674444
1,1,0.97607327
2,1,0.9875066
3,1,0.88435185
4,1,0.9523733
5,1,0.9039876
6,1,0.8921012
7,1,0.95516175
8,1,0.943847
9,1,0.9897265
10,1,0.9214335
11,1,0.95859134
12,1,0.99726427
13,1,0.9747424
14,1,0.9556225
15,1,0.78773105
16,1,0.9523733
17,1,0.8340709
18,1,0.95516175
19,1,0.91562074
20,1,0.93518275
21,1,0.92250955
22,1,0.8340709
23,1,0.9523733
24,1,0.96397203
25,1,0.99810624
26,1,0.91478217
27,1,0.9674444
28,1,0.84135574
29,1,0.9851618
30,1,0.95292205
31,1,0.8888576
32,1,0.8163317
33,1,0.9250123
34,1,0.966663
35,1,0.98566914
36,1,0.8520421
37,1,0.99395496
38,1,0.7035639
39,1,0.7830218
40,1,0.88435185
41,1,0.9433424
42,1,0.9848874
43,1,0.8394721
44,1,0.91523564
45,1,0.9108966
46,1,0.796444
47,1,0.97878087
48,1,0.9995043
49,1,0.9061017
50,1,0.9450657
51,1,0.9349374
52,1,0.9778161
53,1,0.91562074
54,1,0.91088027
55,1,0.98573065
56,1,0.984487
57,1,0.91088027
58,1,0.96193236
59,1,0.9978946
60,1,0.98688185
61,1,0.9768206
62,1,0.7706113
63,1,0.9765484
64,1,0.9405619
65,1,0.98919106
66,1,0.92987925
67,1,0.88856864
68,1,0.9638059
69,1,0.9250077
70,1,0.9745456
71,1,0.9794598
72,1,0.8163317
73,1,0.9845947
74,1,0.9859783
75,1,0.9789211
76,1,0.95150024
77,1,0.7814693
78,1,0.98919106
79,1,0.99726427
80,1,0.9250077
81,1,0.91478217
82,1,0.9879324
83,1,0.89709455
84,1,0.9248486
85,1,0.8565179
86,1,0.98613876
87,1,0.94304
88,1,0.9845316
89,1,0.9532092
90,1,0.9250123
91,1,0.97388464
92,1,0.9508721
93,1,0.87088645
94,1,0.99054635
95,1,0.96849936
96,1,0.8689988
97,1,0.8520421
98,1,0.92612153
99,1,0.9541339
