Index,Predicted_Class,Probability
0,1,0.88409305
1,1,0.9184232
2,1,0.9816805
3,1,0.98152804
4,1,0.99831605
5,1,0.8837429
6,1,0.9211032
7,1,0.79439986
8,1,0.97941244
9,1,0.9802675
10,1,0.98152804
11,1,0.9184232
12,1,0.9802675
13,1,0.96526515
14,1,0.997503
15,1,0.9878131
16,1,0.9873696
17,1,0.9942068
18,1,0.93974274
19,1,0.8593746
20,1,0.9533207
21,1,0.9651096
22,1,0.9874927
23,1,0.89830095
24,1,0.9928042
25,1,0.9692388
26,1,0.9689039
27,1,0.9593625
28,1,0.98370713
29,1,0.9384031
30,1,0.9527639
31,1,0.90560544
32,1,0.8465913
33,1,0.99501026
34,1,0.79439986
35,1,0.94959563
36,1,0.917628
37,1,0.9899719
38,1,0.90931875
39,1,0.9165107
40,1,0.9368494
41,1,0.9544833
42,1,0.711501
43,1,0.9830177
44,1,0.9707361
45,1,0.89686096
46,1,0.9968003
47,1,0.917628
48,1,0.9912212
49,1,0.93276256
50,1,0.99517655
51,1,0.98980534
52,1,0.97783536
53,1,0.96937
54,1,0.9998072
55,1,0.9577053
56,1,0.9891067
57,1,0.9066358
58,1,0.9059467
59,1,0.9689039
60,1,0.98242444
61,1,0.9971089
62,1,0.9541904
63,1,0.97478795
64,1,0.98617923
65,1,0.978144
66,1,0.97167194
67,1,0.99290025
68,1,0.9533207
69,1,0.9400139
70,1,0.96937
71,1,0.9465816
72,1,0.8762881
73,1,0.9566075
74,1,0.94561774
75,1,0.9961427
76,1,0.94756913
77,1,0.9427857
78,1,0.9741164
79,1,0.90534717
80,1,0.9059467
81,1,0.9533989
82,1,0.9873696
83,1,0.9300946
84,1,0.97011495
85,1,0.9928042
86,1,0.94663864
87,1,0.878571
88,1,0.7697295
89,1,0.93974274
90,1,0.97347087
91,1,0.9772594
92,1,0.711501
93,1,0.88494223
94,1,0.9066358
95,1,0.90824217
96,1,0.977719
97,1,0.8832614
98,1,0.9413527
99,1,0.8935251
