Index,Predicted_Class,Probability
0,1,0.78238344
1,1,0.99408734
2,1,0.9696325
3,1,0.94752926
4,1,0.83161783
5,1,0.67852587
6,1,0.967497
7,1,0.9521114
8,1,0.9706673
9,1,0.92261183
10,1,0.991816
11,1,0.9907857
12,1,0.7991863
13,1,0.81233466
14,1,0.6939989
15,1,0.67852587
16,1,0.9100355
17,1,0.92014617
18,1,0.9868239
19,1,0.8756492
20,1,0.81504077
21,1,0.9875015
22,1,0.98980755
23,1,0.95571494
24,1,0.9696014
25,1,0.9577201
26,1,0.97229713
27,1,0.9809734
28,1,0.89422303
29,1,0.7904595
30,1,0.9559406
31,1,0.97243166
32,1,0.93160206
33,1,0.993986
34,1,0.9843879
35,1,0.9680646
36,1,0.9909305
37,1,0.96563643
38,1,0.967497
39,1,0.78238344
40,1,0.9105522
41,1,0.8756492
42,1,0.9063548
43,1,0.7904595
44,1,0.9559406
45,1,0.79816943
46,1,0.9761788
47,1,0.9679409
48,1,0.99651116
49,1,0.9407662
50,1,0.9063548
51,1,0.9939547
52,1,0.77239203
53,1,0.8034207
54,1,0.97241986
55,1,0.97241986
56,1,0.97038347
57,1,0.9765891
58,1,0.9851651
59,1,0.97229713
60,1,0.99170846
61,1,0.9746653
62,1,0.99408734
63,1,0.99956554
64,1,0.97241396
65,1,0.9521114
66,1,0.9696014
67,1,0.9806529
68,1,0.9522951
69,1,0.89145106
70,1,0.98204494
71,1,0.7436818
72,1,0.99544936
73,1,0.9860415
74,1,0.9034094
75,1,0.9521114
76,1,0.92195463
77,1,0.6471946
78,1,0.8329042
79,1,0.78319156
80,1,0.9537451
81,1,0.6626576
82,1,0.9797187
83,1,0.99404
84,1,0.91737556
85,1,0.9771289
86,1,0.9331953
87,1,0.9105522
88,1,0.9880163
89,1,0.99107087
90,1,0.93160206
91,1,0.798169
92,1,0.99008113
93,1,0.9837676
94,1,0.81233466
95,1,0.98024577
96,1,0.97223896
97,1,0.97243166
98,1,0.9900067
99,1,0.9868239
