Index,Predicted_Class,Probability
0,1,0.90779525
1,1,0.92401516
2,1,0.85820264
3,1,0.9619104
4,1,0.89355874
5,1,0.9396395
6,1,0.92365205
7,1,0.98017603
8,1,0.90779525
9,1,0.8699383
10,1,0.86782795
11,1,0.95848083
12,1,0.9576509
13,1,0.8442691
14,1,0.9329932
15,1,0.9988072
16,1,0.9627867
17,1,0.9081226
18,1,0.9598869
19,1,0.82457936
20,1,0.8788797
21,1,0.95380855
22,1,0.9956851
23,1,0.98167497
24,1,0.9876058
25,1,0.9168141
26,1,0.8680448
27,1,0.9273724
28,1,0.94590944
29,1,0.99240816
30,1,0.92365205
31,1,0.89355874
32,1,0.9889116
33,1,0.995295
34,1,0.8329437
35,1,0.9081226
36,1,0.9690763
37,1,0.97230566
38,1,0.9451253
39,1,0.9453999
40,1,0.977276
41,1,0.98430955
42,1,0.94324106
43,1,0.73187083
44,1,0.9897367
45,1,0.9368918
46,1,0.93848795
47,1,0.94590944
48,1,0.97236407
49,1,0.9572157
50,1,0.9831844
51,1,0.99058753
52,1,0.9897367
53,1,0.9650262
54,1,0.93874127
55,1,0.8194833
56,1,0.9846564
57,1,0.98528254
58,1,0.96683204
59,1,0.92365205
60,1,0.9605409
61,1,0.8329437
62,1,0.92809427
63,1,0.9839154
64,1,0.9889116
65,1,0.9799867
66,1,0.98422873
67,1,0.9867534
68,1,0.99562943
69,1,0.9134705
70,1,0.9598869
71,1,0.96329314
72,1,0.97236407
73,1,0.88207203
74,1,0.73187083
75,1,0.8442691
76,1,0.9978781
77,1,0.98799324
78,1,0.9989967
79,1,0.9191866
80,1,0.98047674
81,1,0.8925594
82,1,0.9134705
83,1,0.9690763
84,1,0.86233866
85,1,0.9619104
86,1,0.9912606
87,1,0.9708981
88,1,0.89850634
89,1,0.99605966
90,1,0.9168141
91,1,0.9248342
92,1,0.9983069
93,1,0.97236407
94,1,0.9627867
95,1,0.9978781
96,1,0.92809427
97,1,0.983925
98,1,0.9940621
99,1,0.9811327
