Index,Predicted_Class,Probability
0,1,0.99769884
1,1,0.9644783
2,1,0.96984214
3,1,0.9826926
4,1,0.9555216
5,1,0.92683566
6,1,0.9852202
7,1,0.9333942
8,1,0.9718435
9,1,0.9708118
10,1,0.9870308
11,1,0.95285416
12,1,0.7407665
13,1,0.9042544
14,1,0.93405104
15,1,0.9531241
16,1,0.9042544
17,1,0.95285416
18,1,0.9431304
19,1,0.9059366
20,1,0.9406048
21,1,0.94551617
22,1,0.90343195
23,1,0.9165112
24,1,0.88691396
25,1,0.937595
26,1,0.97289014
27,1,0.9870308
28,1,0.8865057
29,1,0.9831224
30,1,0.9059366
31,1,0.947984
32,1,0.9059366
33,1,0.9013994
34,1,0.9752535
35,1,0.9737879
36,1,0.9933037
37,1,0.93405104
38,1,0.9644783
39,1,0.82820857
40,1,0.8862461
41,1,0.8453685
42,1,0.9247279
43,1,0.9976071
44,1,0.9841919
45,1,0.9353949
46,1,0.9381291
47,1,0.89910865
48,1,0.74351734
49,1,0.9511133
50,1,0.99284875
51,1,0.9578307
52,1,0.93425494
53,1,0.9569036
54,1,0.9972675
55,1,0.9431304
56,1,0.8399062
57,1,0.9853586
58,1,0.9281072
59,1,0.8719226
60,1,0.8290073
61,1,0.99590933
62,1,0.9406048
63,1,0.80930865
64,1,0.93441033
65,1,0.8566457
66,1,0.97559434
67,1,0.99129045
68,1,0.8862461
69,1,0.9902383
70,1,0.81024796
71,1,0.9724138
72,1,0.913505
73,1,0.9652413
74,1,0.9781833
75,1,0.9762457
76,1,0.9629245
77,1,0.9553628
78,1,0.8701299
79,1,0.9431304
80,1,0.9013994
81,1,0.9265826
82,1,0.94612724
83,1,0.9247279
84,1,0.9826926
85,1,0.89910865
86,1,0.85376865
87,1,0.9349462
88,1,0.9629245
89,1,0.7407665
90,1,0.72185653
91,1,0.82926273
92,1,0.836184
93,1,0.979295
94,1,0.94743013
95,1,0.9501708
96,1,0.96779424
97,1,0.93149626
98,1,0.9745208
99,1,0.9281072
