Index,Predicted_Class,Probability
0,1,0.99250925
1,1,0.9985145
2,1,0.9004474
3,1,0.99015814
4,1,0.94719636
5,1,0.9662821
6,1,0.96810436
7,1,0.98545015
8,1,0.9703466
9,1,0.89717406
10,1,0.9788608
11,1,0.9459978
12,1,0.914155
13,1,0.9897314
14,1,0.95104253
15,1,0.9260795
16,1,0.8976272
17,1,0.9730267
18,1,0.82539517
19,1,0.9730267
20,1,0.74335486
21,1,0.9335652
22,1,0.98296714
23,1,0.9897314
24,1,0.9292098
25,1,0.7191646
26,1,0.9769383
27,1,0.94719636
28,1,0.99015814
29,1,0.81824094
30,1,0.9056484
31,1,0.9662821
32,1,0.99151343
33,1,0.978134
34,1,0.9292098
35,1,0.93748844
36,1,0.9813937
37,1,0.97221684
38,1,0.9534664
39,1,0.9339297
40,1,0.9534664
41,1,0.9384016
42,1,0.8749346
43,1,0.98798466
44,1,0.9548167
45,1,0.9627102
46,1,0.98296714
47,1,0.9595948
48,1,0.9903644
49,1,0.77181715
50,1,0.9898565
51,1,0.9563231
52,1,0.99971527
53,1,0.93665946
54,1,0.9004474
55,1,0.9878977
56,1,0.9397899
57,1,0.9971616
58,1,0.91061944
59,1,0.96140504
60,1,0.95594156
61,1,0.9340383
62,1,0.9960627
63,1,0.978134
64,1,0.9027737
65,1,0.95096546
66,1,0.8622277
67,1,0.91609573
68,1,0.97642004
69,1,0.91031843
70,1,0.9118737
71,1,0.92078894
72,1,0.9185567
73,1,0.9548167
74,1,0.9711983
75,1,0.89717406
76,1,0.87451565
77,1,0.8745175
78,1,0.99698395
79,1,0.94719636
80,1,0.971228
81,1,0.81832767
82,1,0.9869964
83,1,0.97151744
84,1,0.7036534
85,1,0.95594156
86,1,0.9729496
87,1,0.95566505
88,1,0.9233801
89,1,0.9384016
90,1,0.92078894
91,1,0.88333786
92,1,0.9056484
93,1,0.9534664
94,1,0.9339297
95,1,0.99017185
96,1,0.98548526
97,1,0.96810436
98,1,0.95532775
99,1,0.95566505
