Index,Predicted_Class,Probability
0,1,0.9889747
1,1,0.9967709
2,1,0.9845316
3,1,0.95960873
4,1,0.95176876
5,1,0.96517956
6,1,0.95991796
7,1,0.9798917
8,1,0.98411196
9,1,0.9676109
10,1,0.9777435
11,1,0.98696995
12,1,0.90877575
13,1,0.9803017
14,1,0.97931045
15,1,0.9963721
16,1,0.9333238
17,1,0.95250046
18,1,0.9053834
19,1,0.9695004
20,1,0.9517571
21,1,0.99063057
22,1,0.888732
23,1,0.9029411
24,1,0.9992569
25,1,0.9993567
26,1,0.89294297
27,1,0.9419778
28,1,0.9313379
29,1,0.73428637
30,1,0.91603184
31,1,0.95746607
32,1,0.9292186
33,1,0.927293
34,1,0.93002504
35,1,0.4395046
36,1,0.7655608
37,1,0.9846682
38,1,0.95693827
39,1,0.9517571
40,1,0.99895144
41,1,0.8605883
42,1,0.93002504
43,1,0.9701927
44,1,0.9542676
45,1,0.9276016
46,1,0.8852594
47,1,0.9566086
48,1,0.8639113
49,1,0.84373283
50,1,0.99541724
51,1,0.99157554
52,1,0.95921636
53,1,0.99869496
54,1,0.94984746
55,1,0.96865225
56,1,0.9334958
57,1,0.9701927
58,1,0.94540364
59,1,0.87088054
60,1,0.9053834
61,1,0.97852
62,1,0.97666776
63,1,0.9079583
64,1,0.88944787
65,1,0.9451397
66,1,0.96377546
67,1,0.6723864
68,1,0.9652101
69,1,0.95960873
70,1,0.97691375
71,1,0.9442161
72,1,0.97852
73,1,0.84373283
74,1,0.9769215
75,1,0.9079583
76,1,0.9830735
77,1,0.92828345
78,1,0.89294297
79,1,0.9777435
80,1,0.95693827
81,1,0.98459333
82,1,0.9171217
83,1,0.9541643
84,1,0.8357166
85,1,0.96827984
86,1,0.98902893
87,1,0.714383
88,1,0.9968712
89,1,0.9301069
90,1,0.83859926
91,1,0.9226087
92,1,0.964229
93,1,0.9557334
94,1,0.9517597
95,1,0.78388387
96,1,0.8605883
97,1,0.9301069
98,1,0.8451256
99,1,0.8903837
