Index,Predicted_Class,Probability
0,1,0.95629036
1,1,0.9919205
2,1,0.9849068
3,1,0.9662821
4,1,0.935631
5,1,0.7188339
6,1,0.91404873
7,1,0.99339795
8,1,0.94578403
9,1,0.9515458
10,1,0.942929
11,1,0.95629036
12,1,0.9212223
13,1,0.7676638
14,1,0.9813819
15,1,0.9772898
16,1,0.97067225
17,1,0.9978059
18,1,0.97060174
19,1,0.9865682
20,1,0.92300135
21,1,0.9986313
22,1,0.92586416
23,1,0.94995564
24,1,0.98258257
25,1,0.9580455
26,1,0.93625396
27,1,0.99969625
28,1,0.955651
29,1,0.9199607
30,1,0.92300135
31,1,0.995605
32,1,0.9813794
33,1,0.93574846
34,1,0.9890955
35,1,0.96860194
36,1,0.9636523
37,1,0.9226381
38,1,0.94147444
39,1,0.97965086
40,1,0.9200659
41,1,0.9967397
42,1,0.93240654
43,1,0.9843253
44,1,0.99570686
45,1,0.995605
46,1,0.96088415
47,1,0.94995564
48,1,0.99570686
49,1,0.9320078
50,1,0.9989976
51,1,0.8118664
52,1,0.7676638
53,1,0.98301655
54,1,0.9136526
55,1,0.93625396
56,1,0.9674224
57,1,0.9562902
58,1,0.8883071
59,1,0.8641425
60,1,0.9655067
61,1,0.94363207
62,1,0.91456413
63,1,0.8358028
64,1,0.8765443
65,1,0.97069687
66,1,0.9697622
67,1,0.9851422
68,1,0.9768794
69,1,0.94995564
70,1,0.74264073
71,1,0.9499011
72,1,0.9674288
73,1,0.93587774
74,1,0.8641425
75,1,0.955651
76,1,0.88704896
77,1,0.9321743
78,1,0.9200659
79,1,0.9410885
80,1,0.98203963
81,1,0.9720794
82,1,0.9884688
83,1,0.97948235
84,1,0.785412
85,1,0.9336214
86,1,0.9845919
87,1,0.98776245
88,1,0.9772898
89,1,0.97060174
90,1,0.8515745
91,1,0.9336214
92,1,0.98080015
93,1,0.88704896
94,1,0.94212884
95,1,0.98412645
96,1,0.9980046
97,1,0.9994172
98,1,0.9772898
99,1,0.97060174
