Index,Predicted_Class,Probability
0,1,0.8977932
1,1,0.98652446
2,1,0.9885344
3,1,0.9136559
4,1,0.87451905
5,1,0.9921834
6,1,0.9851955
7,1,0.98361397
8,1,0.983452
9,1,0.95413935
10,1,0.9506535
11,1,0.9343633
12,1,0.5951331
13,1,0.9139309
14,1,0.93097264
15,1,0.39175552
16,1,0.92411137
17,1,0.7241041
18,1,0.8999393
19,1,0.94067854
20,1,0.9650263
21,1,0.8430981
22,1,0.94832605
23,1,0.98453945
24,1,0.9994167
25,1,0.9565501
26,1,0.9377306
27,1,0.9432911
28,1,0.9328674
29,1,0.9943651
30,1,0.9930294
31,1,0.94478625
32,1,0.8626169
33,1,0.77911824
34,1,0.9928807
35,1,0.89648354
36,1,0.9636847
37,1,0.9502376
38,1,0.92411137
39,1,0.95910054
40,1,0.9287096
41,1,0.93104845
42,1,0.76147187
43,1,0.9782622
44,1,0.39175552
45,1,0.9364972
46,1,0.9439932
47,1,0.8605068
48,1,0.9905352
49,1,0.983386
50,1,0.82069165
51,1,0.93605757
52,1,0.9959125
53,1,0.90559596
54,1,0.9944218
55,1,0.9794923
56,1,0.9928807
57,1,0.94515055
58,1,0.9187898
59,1,0.85657513
60,1,0.9659033
61,1,0.94478625
62,1,0.983386
63,1,0.77049345
64,1,0.8135917
65,1,0.99695337
66,1,0.8626169
67,1,0.7668272
68,1,0.9121025
69,1,0.9072891
70,1,0.9884659
71,1,0.9144659
72,1,0.9294871
73,1,0.9296812
74,1,0.7241041
75,1,0.78643453
76,1,0.97074014
77,1,0.9971124
78,1,0.8580153
79,1,0.98260456
80,1,0.9931144
81,1,0.9915187
82,1,0.883157
83,1,0.9699626
84,1,0.9439932
85,1,0.85657513
86,1,0.7860702
87,1,0.983386
88,1,0.89815503
89,1,0.7668272
90,1,0.930396
91,1,0.9967542
92,1,0.9981806
93,1,0.9187898
94,1,0.9555698
95,1,0.99120075
96,1,0.9720357
97,1,0.98685724
98,1,0.93803626
99,1,0.85244304
