Index,Predicted_Class,Probability
0,1,0.9913474
1,1,0.89540833
2,1,0.9200539
3,1,0.9637113
4,1,0.94836855
5,1,0.9166518
6,1,0.9751228
7,1,0.96171135
8,1,0.82134545
9,1,0.9974775
10,1,0.96377337
11,1,0.78533167
12,1,0.89715236
13,1,0.9599272
14,1,0.9063106
15,1,0.9660511
16,1,0.9562201
17,1,0.9099899
18,1,0.9963367
19,1,0.70327044
20,1,0.9660511
21,1,0.99046904
22,1,0.91139925
23,1,0.8941381
24,1,0.9653837
25,1,0.9765485
26,1,0.86144453
27,1,0.94485754
28,1,0.96241826
29,1,0.9509463
30,1,0.9357017
31,1,0.99187297
32,1,0.8940031
33,1,0.8589982
34,1,0.8708926
35,1,0.982081
36,1,0.9857605
37,1,0.96241826
38,1,0.9541084
39,1,0.9653837
40,1,0.91023904
41,1,0.9751228
42,1,0.94867486
43,1,0.99901366
44,1,0.942494
45,1,0.990328
46,1,0.8589982
47,1,0.85919476
48,1,0.99874735
49,1,0.8519678
50,1,0.9742741
51,1,0.97229224
52,1,0.99982786
53,1,0.9872405
54,1,0.93815345
55,1,0.45242995
56,1,0.9396441
57,1,0.93175656
58,1,0.9957366
59,1,0.81558675
60,1,0.9683899
61,1,0.83993745
62,1,0.87533814
63,1,0.7895123
64,1,0.89560354
65,1,0.98478067
66,1,0.92745316
67,1,0.9531895
68,1,0.70327044
69,1,0.9866036
70,1,0.9509463
71,1,0.93815345
72,1,0.87487775
73,1,0.8708926
74,1,0.91139925
75,1,0.88929427
76,1,0.95742214
77,1,0.9722526
78,1,0.9531895
79,1,0.89540833
80,1,0.93815345
81,1,0.96473444
82,1,0.98224
83,1,0.9765197
84,1,0.9509463
85,1,0.95794475
86,1,0.89049035
87,1,0.9117638
88,1,0.96473444
89,1,0.9866036
90,1,0.91023904
91,1,0.96146953
92,1,0.9509463
93,1,0.99665856
94,1,0.9866036
95,1,0.9506526
96,1,0.94836855
97,1,0.92380095
98,1,0.99168915
99,1,0.8696204
