Index,Predicted_Class,Probability
0,1,0.8530657
1,1,0.8865993
2,1,0.9847503
3,1,0.911168
4,1,0.98778975
5,1,0.9798165
6,1,0.9755976
7,1,0.7930921
8,1,0.98943114
9,1,0.97483927
10,1,0.9873197
11,1,0.988225
12,1,0.9815554
13,1,0.93574035
14,1,0.96751237
15,1,0.9684161
16,1,0.91462386
17,1,0.9569027
18,1,0.8189497
19,1,0.94552904
20,1,0.99059206
21,1,0.88764083
22,1,0.9684161
23,1,0.8865993
24,1,0.97201216
25,1,0.9269486
26,1,0.9538793
27,1,0.92953295
28,1,0.9510673
29,1,0.9454629
30,1,0.96613395
31,1,0.94222474
32,1,0.9919835
33,1,0.94831055
34,1,0.9922471
35,1,0.97450835
36,1,0.88664633
37,1,0.8189497
38,1,0.9269486
39,1,0.8538876
40,1,0.92928374
41,1,0.91026735
42,1,0.9386849
43,1,0.9548915
44,1,0.9050832
45,1,0.9636994
46,1,0.9944776
47,1,0.7930921
48,1,0.94222474
49,1,0.97117805
50,1,0.91026735
51,1,0.9759005
52,1,0.94514436
53,1,0.9789473
54,1,0.99844813
55,1,0.94552904
56,1,0.91026735
57,1,0.9697072
58,1,0.9721376
59,1,0.95085305
60,1,0.94514436
61,1,0.88764083
62,1,0.9646828
63,1,0.88551205
64,1,0.9135309
65,1,0.8530657
66,1,0.9897362
67,1,0.97636753
68,1,0.9815965
69,1,0.9921374
70,1,0.884981
71,1,0.95709264
72,1,0.9939202
73,1,0.90881234
74,1,0.988225
75,1,0.86859703
76,1,0.9002679
77,1,0.9636994
78,1,0.95709264
79,1,0.993026
80,1,0.91462386
81,1,0.9225922
82,1,0.9834252
83,1,0.99436426
84,1,0.90881234
85,1,0.89309496
86,1,0.9919835
87,1,0.94831055
88,1,0.9569027
89,1,0.95709264
90,1,0.8956434
91,1,0.99617946
92,1,0.9386849
93,1,0.9798165
94,1,0.9878314
95,1,0.86369807
96,1,0.9721376
97,1,0.9454629
98,1,0.97201216
99,1,0.97516304
