Index,Predicted_Class,Probability
0,1,0.9981275
1,1,0.8392047
2,1,0.917841
3,1,0.990422
4,1,0.9167356
5,1,0.98966694
6,1,0.9260971
7,1,0.98966694
8,1,0.907602
9,1,0.99294066
10,1,0.9306165
11,1,0.9260971
12,1,0.9284233
13,1,0.91319275
14,1,0.9167356
15,1,0.9281879
16,1,0.9470222
17,1,0.90220857
18,1,0.98882663
19,1,0.9147277
20,1,0.9779147
21,1,0.9742983
22,1,0.9843076
23,1,0.9651164
24,1,0.9671999
25,1,0.9585817
26,1,0.98510855
27,1,0.98956746
28,1,0.9746679
29,1,0.9880653
30,1,0.89431113
31,1,0.84217924
32,1,0.9281879
33,1,0.9651164
34,1,0.917841
35,1,0.95951325
36,1,0.952186
37,1,0.98510855
38,1,0.90431935
39,1,0.9265737
40,1,0.9265737
41,1,0.9537977
42,1,0.95008874
43,1,0.84059787
44,1,0.9872006
45,1,0.9910607
46,1,0.8691863
47,1,0.89431113
48,1,0.9759833
49,1,0.98665464
50,1,0.8351181
51,1,0.9167356
52,1,0.97930497
53,1,0.91525215
54,1,0.97851115
55,1,0.9827727
56,1,0.95751184
57,1,0.90544397
58,1,0.9784486
59,1,0.95183915
60,1,0.97972465
61,1,0.97052765
62,1,0.9742983
63,1,0.84059787
64,1,0.98510855
65,1,0.98926497
66,1,0.97710073
67,1,0.97390884
68,1,0.9315521
69,1,0.9343794
70,1,0.91525215
71,1,0.9426422
72,1,0.98926497
73,1,0.90544397
74,1,0.9795744
75,1,0.9158668
76,1,0.94395626
77,1,0.90419924
78,1,0.9767692
79,1,0.97030985
80,1,0.98557556
81,1,0.90544397
82,1,0.98278207
83,1,0.9722378
84,1,0.9742983
85,1,0.95010334
86,1,0.9515753
87,1,0.9343794
88,1,0.9681065
89,1,0.9567163
90,1,0.8351181
91,1,0.98954356
92,1,0.8240381
93,1,0.9243536
94,1,0.9260971
95,1,0.93806595
96,1,0.97903156
97,1,0.9436069
98,1,0.99643886
99,1,0.94783854
