Index,Predicted_Class,Probability
0,1,0.8638534
1,1,0.958764
2,1,0.9818667
3,1,0.6943675
4,1,0.9282516
5,1,0.848485
6,1,0.99040234
7,1,0.9668756
8,1,0.9926932
9,1,0.97609043
10,1,0.98367256
11,1,0.9862564
12,1,0.9645107
13,1,0.9912726
14,1,0.98825085
15,1,0.9691458
16,1,0.9147556
17,1,0.6774566
18,1,0.9847416
19,1,0.91607004
20,1,0.9282516
21,1,0.9332039
22,1,0.9958825
23,1,0.99939835
24,1,0.9994037
25,1,0.99770796
26,1,0.98367256
27,1,0.6646114
28,1,0.97243047
29,1,0.8638534
30,1,0.989291
31,1,0.8985689
32,1,0.9758387
33,1,0.9122877
34,1,0.98015106
35,1,0.9945747
36,1,0.88377637
37,1,0.9294847
38,1,0.9122877
39,1,0.95961756
40,1,0.91984373
41,1,0.9675981
42,1,0.9770924
43,1,0.94401
44,1,0.75800455
45,1,0.88377637
46,1,0.8985689
47,1,0.95294714
48,1,0.91769475
49,1,0.9837261
50,1,0.98367256
51,1,0.9710887
52,1,0.95294714
53,1,0.9061601
54,1,0.9660009
55,1,0.9303649
56,1,0.95915025
57,1,0.9229816
58,1,0.9806732
59,1,0.9583045
60,1,0.95677173
61,1,0.9916732
62,1,0.958764
63,1,0.9766973
64,1,0.97326624
65,1,0.9217116
66,1,0.9664307
67,1,0.96369153
68,1,0.87734824
69,1,0.8770542
70,1,0.95873344
71,1,0.9828661
72,1,0.9958118
73,1,0.99056715
74,1,0.9935867
75,1,0.9972288
76,1,0.9916732
77,1,0.9033772
78,1,0.9691458
79,1,0.9862564
80,1,0.9665069
81,1,0.97980016
82,1,0.92352474
83,1,0.99770796
84,1,0.992401
85,1,0.9033772
86,1,0.95677173
87,1,0.9708176
88,1,0.98367256
89,1,0.9733691
90,1,0.9229816
91,1,0.9501176
92,1,0.92472583
93,1,0.98584795
94,1,0.97326624
95,1,0.97436124
96,1,0.99372214
97,1,0.9973744
98,1,0.8638534
99,1,0.9494039
