Index,Predicted_Class,Probability
0,1,0.9866963
1,1,0.83574134
2,1,0.98209536
3,1,0.9969574
4,1,0.95399904
5,1,0.9435385
6,1,0.966378
7,1,0.9337902
8,1,0.91725594
9,1,0.99338746
10,1,0.9465096
11,1,0.8142752
12,1,0.91461277
13,1,0.9249678
14,1,0.96801466
15,1,0.99318004
16,1,0.90582716
17,1,0.9427489
18,1,0.86721563
19,1,0.9079149
20,1,0.9965779
21,1,0.9658573
22,1,0.9829518
23,1,0.973485
24,1,0.89808744
25,1,0.9291913
26,1,0.95399904
27,1,0.9628629
28,1,0.9470408
29,1,0.98927015
30,1,0.9979417
31,1,0.9850973
32,1,0.92446244
33,1,0.97841805
34,1,0.99980336
35,1,0.9828881
36,1,0.9204973
37,1,0.9427489
38,1,0.89101046
39,1,0.9442233
40,1,0.9729136
41,1,0.8977371
42,1,0.97610074
43,1,0.9828881
44,1,0.87944186
45,1,0.8142752
46,1,0.9729136
47,1,0.9470408
48,1,0.838698
49,1,0.9316925
50,1,0.98954344
51,1,0.9760005
52,1,0.99944633
53,1,0.9100558
54,1,0.98003286
55,1,0.98772335
56,1,0.9505801
57,1,0.9312875
58,1,0.64223784
59,1,0.97512543
60,1,0.96597385
61,1,0.98595715
62,1,0.9979417
63,1,0.9427489
64,1,0.97436947
65,1,0.99825364
66,1,0.97610074
67,1,0.9472791
68,1,0.9855341
69,1,0.91461277
70,1,0.99024147
71,1,0.9762902
72,1,0.99997437
73,1,0.9257202
74,1,0.9578301
75,1,0.99600583
76,1,0.9721934
77,1,0.9202698
78,1,0.9729136
79,1,0.9772256
80,1,0.90582716
81,1,0.9667701
82,1,0.98966765
83,1,0.91723096
84,1,0.83343744
85,1,0.99445385
86,1,0.9283584
87,1,0.9882692
88,1,0.97359294
89,1,0.9762902
90,1,0.9850981
91,1,0.92617625
92,1,0.99117446
93,1,0.99946254
94,1,0.9316925
95,1,0.7828447
96,1,0.91974825
97,1,0.9102334
98,1,0.9472791
99,1,0.97610074
