Index,Predicted_Class,Probability
0,1,0.9671212
1,1,0.99524516
2,1,0.9924165
3,1,0.92192334
4,1,0.9543264
5,1,0.98793423
6,1,0.9907775
7,1,0.94830483
8,1,0.974595
9,1,0.9427858
10,1,0.9675607
11,1,0.9675607
12,1,0.87483335
13,1,0.99513113
14,1,0.99513113
15,1,0.8859584
16,1,0.93392724
17,1,0.83152956
18,1,0.911568
19,1,0.725512
20,1,0.9552058
21,1,0.9280636
22,1,0.9499574
23,1,0.9715035
24,1,0.93971914
25,1,0.9736365
26,1,0.987914
27,1,0.9107694
28,1,0.9924165
29,1,0.9694399
30,1,0.94153935
31,1,0.9541022
32,1,0.9427858
33,1,0.9315523
34,1,0.9857131
35,1,0.8768225
36,1,0.98626536
37,1,0.9326368
38,1,0.9769796
39,1,0.98793423
40,1,0.8121909
41,1,0.99052376
42,1,0.9326368
43,1,0.94830483
44,1,0.9857131
45,1,0.96213555
46,1,0.9506522
47,1,0.9280636
48,1,0.88975173
49,1,0.8829112
50,1,0.9717676
51,1,0.97727793
52,1,0.95950395
53,1,0.9031099
54,1,0.9827229
55,1,0.9175778
56,1,0.9963554
57,1,0.97291607
58,1,0.9678448
59,1,0.9340084
60,1,0.9527203
61,1,0.9541022
62,1,0.95637095
63,1,0.95950395
64,1,0.9695254
65,1,0.88975173
66,1,0.94511473
67,1,0.88334846
68,1,0.8995043
69,1,0.96874523
70,1,0.81810635
71,1,0.90577626
72,1,0.8724461
73,1,0.8911842
74,1,0.9517412
75,1,0.9481951
76,1,0.9031099
77,1,0.956226
78,1,0.9645625
79,1,0.8504071
80,1,0.9183774
81,1,0.9942419
82,1,0.95783556
83,1,0.9717676
84,1,0.96412235
85,1,0.9836896
86,1,0.9238055
87,1,0.882223
88,1,0.96168745
89,1,0.9259661
90,1,0.9183774
91,1,0.8819863
92,1,0.96676743
93,1,0.84074813
94,1,0.9634166
95,1,0.8995043
96,1,0.92192334
97,1,0.97328365
98,1,0.96676743
99,1,0.97301203
