Index,Predicted_Class,Probability
0,1,0.9851606
1,1,0.8993595
2,1,0.939872
3,1,0.96403927
4,1,0.85593086
5,1,0.98432016
6,1,0.922691
7,1,0.9562665
8,1,0.9553715
9,1,0.96807647
10,1,0.8574107
11,1,0.9380865
12,1,0.96962345
13,1,0.9802219
14,1,0.9369728
15,1,0.94988024
16,1,0.90263337
17,1,0.9854494
18,1,0.9072898
19,1,0.9662811
20,1,0.96361125
21,1,0.9991346
22,1,0.9453986
23,1,0.9788113
24,1,0.9072898
25,1,0.9870129
26,1,0.777842
27,1,0.8359181
28,1,0.9369728
29,1,0.93354356
30,1,0.867314
31,1,0.9072898
32,1,0.71070844
33,1,0.9058347
34,1,0.777842
35,1,0.9381791
36,1,0.93917716
37,1,0.9902345
38,1,0.92404956
39,1,0.9978865
40,1,0.98289603
41,1,0.8257045
42,1,0.8830175
43,1,0.92521375
44,1,0.94704986
45,1,0.95768464
46,1,0.96965057
47,1,0.9735517
48,1,0.9990453
49,1,0.7497133
50,1,0.9410967
51,1,0.8781127
52,1,0.7343927
53,1,0.96470493
54,1,0.98029375
55,1,0.95417047
56,1,0.90757835
57,1,0.9662811
58,1,0.5665517
59,1,0.8312391
60,1,0.922691
61,1,0.9027171
62,1,0.9972019
63,1,0.98498523
64,1,0.9744669
65,1,0.9453986
66,1,0.9211087
67,1,0.8312391
68,1,0.95520985
69,1,0.8993595
70,1,0.8257045
71,1,0.9486638
72,1,0.97525907
73,1,0.9817504
74,1,0.9876391
75,1,0.9238193
76,1,0.84953725
77,1,0.95131963
78,1,0.95417047
79,1,0.99686486
80,1,0.9519108
81,1,0.8376984
82,1,0.90602046
83,1,0.87671095
84,1,0.95706403
85,1,0.8947231
86,1,0.9822227
87,1,0.9058347
88,1,0.91493976
89,1,0.9788113
90,1,0.9909739
91,1,0.96619195
92,1,0.90430224
93,1,0.9799849
94,1,0.9380865
95,1,0.92101145
96,1,0.9279652
97,1,0.9519108
98,1,0.9238193
99,1,0.98557216
