Index,Predicted_Class,Probability
0,1,0.97221166
1,1,0.89452606
2,1,0.9952649
3,1,0.98031723
4,1,0.98306525
5,1,0.95829207
6,1,0.95866483
7,1,0.90336394
8,1,0.9595959
9,1,0.9773802
10,1,0.9799151
11,1,0.9196843
12,1,0.98306525
13,1,0.9709593
14,1,0.9871105
15,1,0.9755493
16,1,0.88107014
17,1,0.9611303
18,1,0.9630851
19,1,0.9779955
20,1,0.9665621
21,1,0.9630851
22,1,0.6411752
23,1,0.9754562
24,1,0.9799992
25,1,0.9979588
26,1,0.9326211
27,1,0.727106
28,1,0.98829275
29,1,0.9940592
30,1,0.922087
31,1,0.9743401
32,1,0.9571311
33,1,0.9196843
34,1,0.99501354
35,1,0.96974146
36,1,0.98249346
37,1,0.8774599
38,1,0.9728441
39,1,0.9665621
40,1,0.8412062
41,1,0.9481247
42,1,0.8566543
43,1,0.9382892
44,1,0.95553184
45,1,0.90336394
46,1,0.96708107
47,1,0.85989374
48,1,0.97480327
49,1,0.99156934
50,1,0.86562866
51,1,0.9243734
52,1,0.9010352
53,1,0.94897544
54,1,0.9708134
55,1,0.9482241
56,1,0.76290935
57,1,0.9665621
58,1,0.94152254
59,1,0.9414644
60,1,0.94152254
61,1,0.99132615
62,1,0.930628
63,1,0.9766368
64,1,0.95866483
65,1,0.9708134
66,1,0.9821683
67,1,0.9323572
68,1,0.9901603
69,1,0.9901574
70,1,0.9399437
71,1,0.8409141
72,1,0.9509016
73,1,0.727106
74,1,0.9918834
75,1,0.8905592
76,1,0.97752494
77,1,0.98306525
78,1,0.9439136
79,1,0.8414675
80,1,0.84712416
81,1,0.80610925
82,1,0.97982234
83,1,0.9746259
84,1,0.96882737
85,1,0.98086756
86,1,0.97982234
87,1,0.94493353
88,1,0.98847187
89,1,0.9695235
90,1,0.78684664
91,1,0.87176967
92,1,0.8748791
93,1,0.9434016
94,1,0.9399437
95,1,0.9399437
96,1,0.89242285
97,1,0.874354
98,1,0.95282996
99,1,0.8192385
