Index,Predicted_Class,Probability
0,1,0.938054
1,1,0.9016149
2,1,0.8992821
3,1,0.95029086
4,1,0.9718955
5,1,0.9730883
6,1,0.9952453
7,1,0.8637674
8,1,0.97352433
9,1,0.97973514
10,1,0.9050778
11,1,0.9118547
12,1,0.91928864
13,1,0.9041848
14,1,0.9712009
15,1,0.9813162
16,1,0.9643127
17,1,0.83688945
18,1,0.8209664
19,1,0.9033074
20,1,0.9201314
21,1,0.9699744
22,1,0.99471456
23,1,0.99452555
24,1,0.95944434
25,1,0.9699027
26,1,0.976157
27,1,0.9789732
28,1,0.9586154
29,1,0.73022366
30,1,0.95994157
31,1,0.97035843
32,1,0.9987669
33,1,0.9711939
34,1,0.8590833
35,1,0.9829297
36,1,0.9791139
37,1,0.99602664
38,1,0.938054
39,1,0.96340156
40,1,0.9691263
41,1,0.9046851
42,1,0.9150835
43,1,0.9243339
44,1,0.81348884
45,1,0.9394325
46,1,0.9788619
47,1,0.94894797
48,1,0.9706443
49,1,0.97512406
50,1,0.8995475
51,1,0.9033074
52,1,0.9267987
53,1,0.9418785
54,1,0.97811
55,1,0.95630956
56,1,0.8913959
57,1,0.9016149
58,1,0.9661125
59,1,0.9996381
60,1,0.80718684
61,1,0.9881194
62,1,0.970318
63,1,0.8782845
64,1,0.93690896
65,1,0.9866692
66,1,0.9138201
67,1,0.85944426
68,1,0.9243339
69,1,0.88461995
70,1,0.9778816
71,1,0.99452555
72,1,0.93690896
73,1,0.745755
74,1,0.9267987
75,1,0.99491173
76,1,0.969627
77,1,0.99843353
78,1,0.9638141
79,1,0.9117282
80,1,0.89173055
81,1,0.9516043
82,1,0.98879355
83,1,0.96577793
84,1,0.94120765
85,1,0.99054104
86,1,0.8778324
87,1,0.9662594
88,1,0.94120765
89,1,0.95029086
90,1,0.95029086
91,1,0.9571359
92,1,0.98879355
93,1,0.80718684
94,1,0.93912685
95,1,0.89317954
96,1,0.9099198
97,1,0.87047744
98,1,0.9136535
99,1,0.8407757
