Index,Predicted_Class,Probability
0,1,0.8513679
1,1,0.8405994
2,1,0.98196214
3,1,0.97277415
4,1,0.7534109
5,1,0.96331096
6,1,0.99608886
7,1,0.98280644
8,1,0.9349979
9,1,0.9845919
10,1,0.8786637
11,1,0.99189717
12,1,0.96331096
13,1,0.9629941
14,1,0.89803106
15,1,0.9068822
16,1,0.8786637
17,1,0.9485265
18,1,0.982935
19,1,0.95690334
20,1,0.9775643
21,1,0.95806944
22,1,0.90605
23,1,0.96823555
24,1,0.9594509
25,1,0.895913
26,1,0.99094766
27,1,0.9097929
28,1,0.99497664
29,1,0.9739314
30,1,0.9371205
31,1,0.9764832
32,1,0.9352262
33,1,0.9893925
34,1,0.932513
35,1,0.99302095
36,1,0.8808568
37,1,0.9233416
38,1,0.938056
39,1,0.947603
40,1,0.9658693
41,1,0.903881
42,1,0.99529463
43,1,0.995129
44,1,0.9658693
45,1,0.98881394
46,1,0.98608726
47,1,0.84472865
48,1,0.90535796
49,1,0.9946038
50,1,0.9387338
51,1,0.8405994
52,1,0.94395477
53,1,0.9858052
54,1,0.8437231
55,1,0.91123056
56,1,0.98100054
57,1,0.83806396
58,1,0.8405994
59,1,0.9886176
60,1,0.9548844
61,1,0.99267733
62,1,0.96633863
63,1,0.966954
64,1,0.90535796
65,1,0.989019
66,1,0.9661649
67,1,0.9886176
68,1,0.9452709
69,1,0.9816219
70,1,0.96274334
71,1,0.96458876
72,1,0.8172754
73,1,0.9868579
74,1,0.9320696
75,1,0.95091736
76,1,0.9610504
77,1,0.9788238
78,1,0.9548844
79,1,0.9594509
80,1,0.75557816
81,1,0.8978297
82,1,0.83806396
83,1,0.8370082
84,1,0.9068822
85,1,0.83139193
86,1,0.98999244
87,1,0.98050565
88,1,0.77463245
89,1,0.9352262
90,1,0.996375
91,1,0.9643172
92,1,0.95398104
93,1,0.90928906
94,1,0.8405994
95,1,0.77463245
96,1,0.91123056
97,1,0.90928906
98,1,0.95091736
99,1,0.8172754
