Index,Predicted_Class,Probability
0,1,0.90976614
1,1,0.880784
2,1,0.93685967
3,1,0.89737207
4,1,0.9930288
5,1,0.9977082
6,1,0.94515723
7,1,0.93677914
8,1,0.9250744
9,1,0.9851541
10,1,0.9883273
11,1,0.98694813
12,1,0.98899835
13,1,0.8824334
14,1,0.93578786
15,1,0.958018
16,1,0.9435981
17,1,0.6432516
18,1,0.8393997
19,1,0.8636823
20,1,0.8286043
21,1,0.9929455
22,1,0.9645045
23,1,0.9816257
24,1,0.99418133
25,1,0.9912582
26,1,0.93662786
27,1,0.9978516
28,1,0.9673332
29,1,0.9009745
30,1,0.9907486
31,1,0.962071
32,1,0.950194
33,1,0.9714783
34,1,0.9853174
35,1,0.970643
36,1,0.96736044
37,1,0.95715547
38,1,0.9645045
39,1,0.90787905
40,1,0.97583914
41,1,0.961708
42,1,0.6432516
43,1,0.9401076
44,1,0.95645154
45,1,0.91004884
46,1,0.88230616
47,1,0.89099693
48,1,0.8393997
49,1,0.92886114
50,1,0.7425764
51,1,0.8144858
52,1,0.961708
53,1,0.97877866
54,1,0.880784
55,1,0.9151441
56,1,0.8679066
57,1,0.93725294
58,1,0.85849667
59,1,0.8804996
60,1,0.99542385
61,1,0.93514323
62,1,0.9594687
63,1,0.99413186
64,1,0.9773237
65,1,0.98779476
66,1,0.94049484
67,1,0.8777541
68,1,0.92886114
69,1,0.90763247
70,1,0.9884493
71,1,0.88669395
72,1,0.9586492
73,1,0.94350725
74,1,0.8814012
75,1,0.9435981
76,1,0.9740514
77,1,0.97998685
78,1,0.98581797
79,1,0.9977082
80,1,0.98856574
81,1,0.8318103
82,1,0.9208554
83,1,0.9754474
84,1,0.9096485
85,1,0.94232255
86,1,0.96736044
87,1,0.87343466
88,1,0.95540047
89,1,0.90787905
90,1,0.87343466
91,1,0.94369906
92,1,0.7839078
93,1,0.97787684
94,1,0.8318103
95,1,0.98779476
96,1,0.9707765
97,1,0.9907486
98,1,0.9943726
99,1,0.809686
