Index,Predicted_Class,Probability
0,1,0.9881215
1,1,0.8828507
2,1,0.98124516
3,1,0.96159303
4,1,0.9058429
5,1,0.9366525
6,1,0.8585448
7,1,0.8087219
8,1,0.9915564
9,1,0.8608955
10,1,0.9226965
11,1,0.9632275
12,1,0.96171904
13,1,0.9065104
14,1,0.9715028
15,1,0.96467066
16,1,0.9773769
17,1,0.9748651
18,1,0.8828507
19,1,0.8702338
20,1,0.9664959
21,1,0.85431206
22,1,0.9593055
23,1,0.98848045
24,1,0.8087219
25,1,0.9818554
26,1,0.9782139
27,1,0.9212943
28,1,0.9760768
29,1,0.9845051
30,1,0.9757598
31,1,0.92187417
32,1,0.98802626
33,1,0.9378447
34,1,0.9620259
35,1,0.97159755
36,1,0.90642947
37,1,0.9329972
38,1,0.93311495
39,1,0.9645801
40,1,0.9381284
41,1,0.8047283
42,1,0.91487813
43,1,0.99138874
44,1,0.605024
45,1,0.9557696
46,1,0.8832807
47,1,0.9378447
48,1,0.9959543
49,1,0.9570019
50,1,0.909307
51,1,0.9722519
52,1,0.8585448
53,1,0.93311495
54,1,0.9395411
55,1,0.855246
56,1,0.835788
57,1,0.83586913
58,1,0.90792453
59,1,0.99544746
60,1,0.9961928
61,1,0.98130774
62,1,0.99538237
63,1,0.9463554
64,1,0.91298974
65,1,0.9395411
66,1,0.9722519
67,1,0.9664959
68,1,0.9691831
69,1,0.7050412
70,1,0.9124738
71,1,0.9915644
72,1,0.9570019
73,1,0.9318885
74,1,0.9212943
75,1,0.9429758
76,1,0.90642947
77,1,0.8869407
78,1,0.8972881
79,1,0.9420507
80,1,0.9967679
81,1,0.9672684
82,1,0.835788
83,1,0.9549707
84,1,0.9527189
85,1,0.9241059
86,1,0.9976675
87,1,0.9857626
88,1,0.9912208
89,1,0.927736
90,1,0.98036206
91,1,0.99043125
92,1,0.916972
93,1,0.9654485
94,1,0.92251927
95,1,0.9682207
96,1,0.9124738
97,1,0.9651569
98,1,0.950147
99,1,0.9664959
