Index,Predicted_Class,Probability
0,1,0.94559884
1,1,0.9057425
2,1,0.9893806
3,1,0.99016434
4,1,0.63408667
5,1,0.95143044
6,1,0.8942645
7,1,0.9844273
8,1,0.9771658
9,1,0.9529824
10,1,0.99161583
11,1,0.99733824
12,1,0.9240278
13,1,0.99856097
14,1,0.8726387
15,1,0.89440274
16,1,0.9617697
17,1,0.9696322
18,1,0.63408667
19,1,0.8876919
20,1,0.94205266
21,1,0.9700881
22,1,0.97432286
23,1,0.9669238
24,1,0.9541941
25,1,0.87684274
26,1,0.9681682
27,1,0.96026325
28,1,0.97319126
29,1,0.97528774
30,1,0.9778246
31,1,0.96241385
32,1,0.811836
33,1,0.9818017
34,1,0.9872657
35,1,0.8876919
36,1,0.99731654
37,1,0.98361266
38,1,0.87684274
39,1,0.93844754
40,1,0.94205266
41,1,0.9057394
42,1,0.881277
43,1,0.97699934
44,1,0.89862627
45,1,0.9367801
46,1,0.95029235
47,1,0.96241385
48,1,0.90113723
49,1,0.9604821
50,1,0.9580197
51,1,0.9852903
52,1,0.9837832
53,1,0.8801433
54,1,0.7573249
55,1,0.81443167
56,1,0.9894391
57,1,0.9849651
58,1,0.9610004
59,1,0.93803364
60,1,0.96578485
61,1,0.949319
62,1,0.99584705
63,1,0.970486
64,1,0.9681682
65,1,0.8906244
66,1,0.98972124
67,1,0.938048
68,1,0.9885893
69,1,0.89072526
70,1,0.938048
71,1,0.8761887
72,1,0.92342013
73,1,0.94559884
74,1,0.9513414
75,1,0.96026325
76,1,0.9619318
77,1,0.9805414
78,1,0.7743526
79,1,0.8695296
80,1,0.95143044
81,1,0.8956201
82,1,0.94197375
83,1,0.9917645
84,1,0.9363826
85,1,0.9619318
86,1,0.92342013
87,1,0.9521021
88,1,0.8607189
89,1,0.8391378
90,1,0.8761887
91,1,0.9870293
92,1,0.9893806
93,1,0.9692118
94,1,0.9818118
95,1,0.9747243
96,1,0.92260027
97,1,0.94996846
98,1,0.94205266
99,1,0.92260027
