Index,Predicted_Class,Probability
0,1,0.8800203
1,1,0.95909625
2,1,0.99292386
3,1,0.97245973
4,1,0.846277
5,1,0.98743755
6,1,0.97902465
7,1,0.9431803
8,1,0.93514615
9,1,0.9442187
10,1,0.96641254
11,1,0.8800203
12,1,0.9981187
13,1,0.8560101
14,1,0.91444457
15,1,0.9503363
16,1,0.84175354
17,1,0.97119373
18,1,0.88245386
19,1,0.99092734
20,1,0.9813752
21,1,0.74968314
22,1,0.9631826
23,1,0.9719713
24,1,0.9625468
25,1,0.74968314
26,1,0.94274825
27,1,0.9898836
28,1,0.94274825
29,1,0.5687866
30,1,0.95785797
31,1,0.93252087
32,1,0.9877059
33,1,0.9625468
34,1,0.7231778
35,1,0.9342584
36,1,0.9368242
37,1,0.9842957
38,1,0.9692941
39,1,0.9484616
40,1,0.9901203
41,1,0.9942403
42,1,0.9556948
43,1,0.84175354
44,1,0.9651711
45,1,0.8560101
46,1,0.98117363
47,1,0.95998365
48,1,0.68195564
49,1,0.9681885
50,1,0.91798145
51,1,0.9883663
52,1,0.95123416
53,1,0.96966964
54,1,0.9631826
55,1,0.9718999
56,1,0.83300865
57,1,0.96782804
58,1,0.9981187
59,1,0.9587193
60,1,0.99195004
61,1,0.96024424
62,1,0.9802698
63,1,0.9520349
64,1,0.9531766
65,1,0.9203532
66,1,0.85878015
67,1,0.9328886
68,1,0.9367746
69,1,0.8951361
70,1,0.74174136
71,1,0.9602452
72,1,0.9472005
73,1,0.9008093
74,1,0.94351673
75,1,0.93334424
76,1,0.9895921
77,1,0.92104644
78,1,0.95785797
79,1,0.8660291
80,1,0.94596654
81,1,0.95123416
82,1,0.95701057
83,1,0.9911281
84,1,0.9142952
85,1,0.9260602
86,1,0.8702206
87,1,0.9666758
88,1,0.93461156
89,1,0.9417863
90,1,0.9447782
91,1,0.9842957
92,1,0.9861762
93,1,0.96641254
94,1,0.9417863
95,1,0.8702206
96,1,0.9907504
97,1,0.951145
98,1,0.65968597
99,1,0.9368628
