Index,Predicted_Class,Probability
0,1,0.9382842
1,1,0.8257892
2,1,0.95704615
3,1,0.99491066
4,1,0.9274127
5,1,0.9159403
6,1,0.91996634
7,1,0.82539433
8,1,0.9998436
9,1,0.94725513
10,1,0.9340698
11,1,0.8544008
12,1,0.9779132
13,1,0.9586324
14,1,0.86144495
15,1,0.9432394
16,1,0.9978509
17,1,0.97548795
18,1,0.9805698
19,1,0.9289169
20,1,0.89430904
21,1,0.9998436
22,1,0.9836141
23,1,0.9754901
24,1,0.97870445
25,1,0.89430904
26,1,0.9032808
27,1,0.9882289
28,1,0.9274127
29,1,0.9729111
30,1,0.98509836
31,1,0.93661106
32,1,0.98786616
33,1,0.8489285
34,1,0.64024115
35,1,0.99393314
36,1,0.9833814
37,1,0.9768976
38,1,0.9506597
39,1,0.99353176
40,1,0.91802394
41,1,0.9519143
42,1,0.9520298
43,1,0.8257892
44,1,0.78897727
45,1,0.5650421
46,1,0.6840878
47,1,0.9907843
48,1,0.8924841
49,1,0.9972572
50,1,0.982116
51,1,0.96861076
52,1,0.9825581
53,1,0.99580044
54,1,0.9883288
55,1,0.9729111
56,1,0.9732521
57,1,0.96910214
58,1,0.99085134
59,1,0.86144495
60,1,0.8593727
61,1,0.95397353
62,1,0.9243063
63,1,0.9740732
64,1,0.9176605
65,1,0.9632934
66,1,0.92796636
67,1,0.99920446
68,1,0.8493135
69,1,0.7273843
70,1,0.9930147
71,1,0.97969794
72,1,0.86144495
73,1,0.8544008
74,1,0.95946485
75,1,0.94893336
76,1,0.96683985
77,1,0.9534867
78,1,0.99158365
79,1,0.9993315
80,1,0.93661106
81,1,0.9740215
82,1,0.98519903
83,1,0.6840878
84,1,0.99353176
85,1,0.84716505
86,1,0.9329859
87,1,0.8593727
88,1,0.94893336
89,1,0.97477764
90,1,0.9176605
91,1,0.96101105
92,1,0.9604903
93,1,0.9319665
94,1,0.99391043
95,1,0.90679026
96,1,0.92796636
97,1,0.9348849
98,1,0.93661106
99,1,0.64024115
