Index,Predicted_Class,Probability
0,1,0.9683308
1,1,0.98108
2,1,0.9762591
3,1,0.99300164
4,1,0.9737039
5,1,0.9740327
6,1,0.8722792
7,1,0.98822
8,1,0.9534684
9,1,0.9752467
10,1,0.9992101
11,1,0.9319238
12,1,0.9407069
13,1,0.9089652
14,1,0.9689919
15,1,0.912474
16,1,0.98174137
17,1,0.9689919
18,1,0.8270871
19,1,0.99300164
20,1,0.8070139
21,1,0.9683308
22,1,0.9703241
23,1,0.98247784
24,1,0.81233925
25,1,0.8911619
26,1,0.8944103
27,1,0.8004444
28,1,0.8907019
29,1,0.9353526
30,1,0.912474
31,1,0.924907
32,1,0.9324085
33,1,0.82831573
34,1,0.97897536
35,1,0.9742586
36,1,0.8911619
37,1,0.9629141
38,1,0.9967259
39,1,0.88311017
40,1,0.8722792
41,1,0.8907427
42,1,0.9957795
43,1,0.74880934
44,1,0.9573997
45,1,0.96204686
46,1,0.8722792
47,1,0.97365505
48,1,0.9319238
49,1,0.9626281
50,1,0.9683611
51,1,0.9174779
52,1,0.98247784
53,1,0.944647
54,1,0.9689919
55,1,0.8004444
56,1,0.98943055
57,1,0.9383805
58,1,0.96545833
59,1,0.97731555
60,1,0.9689919
61,1,0.92842245
62,1,0.9962829
63,1,0.97731555
64,1,0.98247784
65,1,0.9116803
66,1,0.9494685
67,1,0.95687944
68,1,0.91485924
69,1,0.9488631
70,1,0.79581136
71,1,0.9384044
72,1,0.97897536
73,1,0.9537523
74,1,0.9949421
75,1,0.98717
76,1,0.98822
77,1,0.95687944
78,1,0.9890954
79,1,0.9175461
80,1,0.874017
81,1,0.81233925
82,1,0.973003
83,1,0.9463358
84,1,0.8266145
85,1,0.91395926
86,1,0.9467085
87,1,0.9689919
88,1,0.9727799
89,1,0.9826995
90,1,0.98717
91,1,0.88490087
92,1,0.96635467
93,1,0.9055345
94,1,0.9885101
95,1,0.86250985
96,1,0.81233925
97,1,0.9369051
98,1,0.8629718
99,1,0.9637874
