Index,Predicted_Class,Probability
0,1,0.96147823
1,1,0.80111027
2,1,0.9829611
3,1,0.82863855
4,1,0.7973476
5,1,0.8741659
6,1,0.8633257
7,1,0.76733893
8,1,0.9822934
9,1,0.984202
10,1,0.99591184
11,1,0.968387
12,1,0.9980842
13,1,0.9395865
14,1,0.9392029
15,1,0.6983049
16,1,0.9372453
17,1,0.96871936
18,1,0.8737522
19,1,0.9372453
20,1,0.9653516
21,1,0.99706954
22,1,0.9070672
23,1,0.95838195
24,1,0.89883995
25,1,0.87407947
26,1,0.9803611
27,1,0.9649706
28,1,0.88780373
29,1,0.93905956
30,1,0.93856514
31,1,0.91108114
32,1,0.9824808
33,1,0.92877424
34,1,0.96986556
35,1,0.83933216
36,1,0.9559397
37,1,0.9899305
38,1,0.80111027
39,1,0.96850175
40,1,0.9861667
41,1,0.9436734
42,1,0.97424215
43,1,0.9984627
44,1,0.7873318
45,1,0.95034575
46,1,0.96326613
47,1,0.91331327
48,1,0.47462437
49,1,0.9852101
50,1,0.98704636
51,1,0.94120383
52,1,0.9057576
53,1,0.99084735
54,1,0.88517296
55,1,0.9899755
56,1,0.9951507
57,1,0.91108114
58,1,0.86714536
59,1,0.8515641
60,1,0.97368646
61,1,0.98655
62,1,0.96512634
63,1,0.96512634
64,1,0.9927127
65,1,0.9672702
66,1,0.9769214
67,1,0.8767937
68,1,0.9941362
69,1,0.9653516
70,1,0.7973476
71,1,0.9821967
72,1,0.83933216
73,1,0.9070672
74,1,0.98291105
75,1,0.968387
76,1,0.8545661
77,1,0.8545661
78,1,0.9899305
79,1,0.96986556
80,1,0.91858155
81,1,0.9649706
82,1,0.96326613
83,1,0.92957103
84,1,0.9478361
85,1,0.8987863
86,1,0.70267373
87,1,0.96147823
88,1,0.96986556
89,1,0.9547111
90,1,0.9699242
91,1,0.972514
92,1,0.92134684
93,1,0.97133785
94,1,0.6502285
95,1,0.8737522
96,1,0.9313384
97,1,0.8346802
98,1,0.9649706
99,1,0.9745341
