Index,Predicted_Class,Probability
0,1,0.8670394
1,1,0.8919778
2,1,0.9916859
3,1,0.97576505
4,1,0.9568312
5,1,0.9598889
6,1,0.9685897
7,1,0.9906256
8,1,0.965029
9,1,0.965029
10,1,0.966524
11,1,0.93829364
12,1,0.85431117
13,1,0.9945446
14,1,0.94506896
15,1,0.8333444
16,1,0.95135933
17,1,0.95675796
18,1,0.9462115
19,1,0.8701041
20,1,0.9691984
21,1,0.96307844
22,1,0.9589509
23,1,0.90218073
24,1,0.96671396
25,1,0.97272563
26,1,0.9611532
27,1,0.87180537
28,1,0.9296164
29,1,0.9968862
30,1,0.99469674
31,1,0.9824892
32,1,0.9032461
33,1,0.93829364
34,1,0.97096425
35,1,0.97272563
36,1,0.965029
37,1,0.9862699
38,1,0.91233885
39,1,0.9468491
40,1,0.965029
41,1,0.9691807
42,1,0.9468491
43,1,0.85431117
44,1,0.9649293
45,1,0.9755609
46,1,0.97288495
47,1,0.9525802
48,1,0.95899487
49,1,0.6098425
50,1,0.9462115
51,1,0.91998285
52,1,0.97212327
53,1,0.9296164
54,1,0.9691984
55,1,0.9366785
56,1,0.91998285
57,1,0.9473392
58,1,0.97336066
59,1,0.96671396
60,1,0.94132113
61,1,0.91233885
62,1,0.80724764
63,1,0.9649293
64,1,0.919822
65,1,0.9284613
66,1,0.9598889
67,1,0.97873634
68,1,0.83784384
69,1,0.91671705
70,1,0.87742716
71,1,0.9959372
72,1,0.9892273
73,1,0.98875755
74,1,0.87180537
75,1,0.9598889
76,1,0.93829364
77,1,0.9462115
78,1,0.9287863
79,1,0.936674
80,1,0.9866715
81,1,0.79712814
82,1,0.90455747
83,1,0.94132113
84,1,0.9635044
85,1,0.9862699
86,1,0.99502665
87,1,0.9462115
88,1,0.79712814
89,1,0.97873634
90,1,0.9775634
91,1,0.96671396
92,1,0.98479456
93,1,0.91998285
94,1,0.9959372
95,1,0.9895224
96,1,0.965029
97,1,0.8701041
98,1,0.97246957
99,1,0.9635044
