Index,Predicted_Class,Probability
0,1,0.8549787
1,1,0.9548476
2,1,0.92879635
3,1,0.9641404
4,1,0.9859622
5,1,0.9830709
6,1,0.8437775
7,1,0.8787382
8,1,0.99771994
9,1,0.94179
10,1,0.9857209
11,1,0.9652755
12,1,0.9640631
13,1,0.91847336
14,1,0.9530053
15,1,0.9752328
16,1,0.86739784
17,1,0.8708658
18,1,0.9924379
19,1,0.9614943
20,1,0.91327995
21,1,0.9923943
22,1,0.9891521
23,1,0.8409956
24,1,0.9313128
25,1,0.9916796
26,1,0.84126985
27,1,0.9981635
28,1,0.91847336
29,1,0.6982922
30,1,0.99498343
31,1,0.9681381
32,1,0.9652755
33,1,0.97557724
34,1,0.9178852
35,1,0.9741107
36,1,0.8409956
37,1,0.986323
38,1,0.9401267
39,1,0.75739217
40,1,0.99846625
41,1,0.8787382
42,1,0.897715
43,1,0.9249836
44,1,0.8549787
45,1,0.9854348
46,1,0.99110776
47,1,0.6441148
48,1,0.9691087
49,1,0.85295904
50,1,0.95814586
51,1,0.88284224
52,1,0.9691087
53,1,0.91847336
54,1,0.9942993
55,1,0.92905957
56,1,0.85295904
57,1,0.9863132
58,1,0.9558763
59,1,0.9965431
60,1,0.95814586
61,1,0.9918997
62,1,0.92718685
63,1,0.9386921
64,1,0.897715
65,1,0.9963207
66,1,0.91327995
67,1,0.97387886
68,1,0.91162133
69,1,0.8334739
70,1,0.9660078
71,1,0.5593266
72,1,0.96968544
73,1,0.9741107
74,1,0.99279565
75,1,0.95291406
76,1,0.84387726
77,1,0.6666167
78,1,0.992963
79,1,0.92905957
80,1,0.88284224
81,1,0.9936743
82,1,0.97450644
83,1,0.94265217
84,1,0.9137523
85,1,0.9327306
86,1,0.96153086
87,1,0.99519193
88,1,0.9860956
89,1,0.9915685
90,1,0.98270285
91,1,0.95970404
92,1,0.955314
93,1,0.922207
94,1,0.997914
95,1,0.9249836
96,1,0.98270285
97,1,0.9692348
98,1,0.9530053
99,1,0.58120716
