Index,Predicted_Class,Probability
0,1,0.92946976
1,1,0.952425
2,1,0.979505
3,1,0.9919842
4,1,0.9467995
5,1,0.9836053
6,1,0.96218956
7,1,0.8710949
8,1,0.94500583
9,1,0.98812693
10,1,0.9520429
11,1,0.9603056
12,1,0.97425675
13,1,0.9761619
14,1,0.9621862
15,1,0.93016565
16,1,0.89008576
17,1,0.9068266
18,1,0.970326
19,1,0.9181447
20,1,0.9810781
21,1,0.98190767
22,1,0.9519715
23,1,0.9147517
24,1,0.9930675
25,1,0.96923524
26,1,0.9350125
27,1,0.9955901
28,1,0.97957474
29,1,0.9958295
30,1,0.9800775
31,1,0.9934935
32,1,0.8695766
33,1,0.97699285
34,1,0.94047654
35,1,0.95749044
36,1,0.8910085
37,1,0.8352748
38,1,0.803091
39,1,0.96177936
40,1,0.98366123
41,1,0.92946976
42,1,0.9401834
43,1,0.9386444
44,1,0.9294945
45,1,0.9562197
46,1,0.983862
47,1,0.9719043
48,1,0.96923524
49,1,0.9972458
50,1,0.9621862
51,1,0.96923524
52,1,0.94500583
53,1,0.9953625
54,1,0.9606312
55,1,0.8710949
56,1,0.970326
57,1,0.9735041
58,1,0.94500774
59,1,0.723932
60,1,0.9392636
61,1,0.9350125
62,1,0.9181447
63,1,0.998293
64,1,0.9883803
65,1,0.97798824
66,1,0.9811179
67,1,0.94047654
68,1,0.9424838
69,1,0.918063
70,1,0.723932
71,1,0.9880822
72,1,0.94006723
73,1,0.9863213
74,1,0.9019813
75,1,0.94500774
76,1,0.9738704
77,1,0.92383987
78,1,0.803091
79,1,0.95749044
80,1,0.8352748
81,1,0.94500774
82,1,0.92946976
83,1,0.95343703
84,1,0.9488252
85,1,0.91373885
86,1,0.9939924
87,1,0.9203268
88,1,0.99666154
89,1,0.98326033
90,1,0.9350125
91,1,0.9094026
92,1,0.9899975
93,1,0.8088653
94,1,0.99113023
95,1,0.91005987
96,1,0.9488252
97,1,0.9326742
98,1,0.93278414
99,1,0.9955901
