Index,Predicted_Class,Probability
0,1,0.9572355
1,1,0.9309653
2,1,0.96143115
3,1,0.8722257
4,1,0.92315674
5,1,0.92193455
6,1,0.9648537
7,1,0.9644609
8,1,0.9603346
9,1,0.97319996
10,1,0.9949562
11,1,0.9309653
12,1,0.89028376
13,1,0.9840149
14,1,0.99410194
15,1,0.9106733
16,1,0.9531566
17,1,0.9603346
18,1,0.966075
19,1,0.9462933
20,1,0.9086767
21,1,0.91022044
22,1,0.93213445
23,1,0.9521865
24,1,0.99399465
25,1,0.9106733
26,1,0.88130563
27,1,0.962157
28,1,0.9531566
29,1,0.94879246
30,1,0.87700474
31,1,0.9727251
32,1,0.97921926
33,1,0.9321869
34,1,0.9767348
35,1,0.9211599
36,1,0.91418755
37,1,0.96385664
38,1,0.88286406
39,1,0.96811134
40,1,0.89392704
41,1,0.88169366
42,1,0.95687836
43,1,0.8148709
44,1,0.8076081
45,1,0.9950955
46,1,0.9710367
47,1,0.9727251
48,1,0.9710333
49,1,0.9487891
50,1,0.97061366
51,1,0.99408394
52,1,0.95038617
53,1,0.90657705
54,1,0.9309653
55,1,0.9358236
56,1,0.90657705
57,1,0.9710367
58,1,0.91500485
59,1,0.84467417
60,1,0.8976733
61,1,0.9228604
62,1,0.98934233
63,1,0.9476385
64,1,0.77505314
65,1,0.94879246
66,1,0.98325795
67,1,0.9453522
68,1,0.86682117
69,1,0.8524578
70,1,0.8524578
71,1,0.9572355
72,1,0.99908423
73,1,0.8147393
74,1,0.9769544
75,1,0.92315674
76,1,0.89028376
77,1,0.9511521
78,1,0.90657705
79,1,0.9590333
80,1,0.93898726
81,1,0.97665787
82,1,0.98325044
83,1,0.86558515
84,1,0.88130563
85,1,0.89306206
86,1,0.981351
87,1,0.98159903
88,1,0.9710921
89,1,0.89306206
90,1,0.90076554
91,1,0.9235302
92,1,0.93405586
93,1,0.93219465
94,1,0.686093
95,1,0.98698956
96,1,0.96730864
97,1,0.93047243
98,1,0.90254396
99,1,0.95038617
