Index,Predicted_Class,Probability
0,1,0.8168737
1,1,0.94683045
2,1,0.93853456
3,1,0.9953382
4,1,0.98760825
5,1,0.96761024
6,1,0.9734937
7,1,0.8529981
8,1,0.9906917
9,1,0.8286561
10,1,0.82326585
11,1,0.98363197
12,1,0.85521656
13,1,0.94749403
14,1,0.98547155
15,1,0.97544324
16,1,0.90781426
17,1,0.8359401
18,1,0.97634345
19,1,0.95182425
20,1,0.9749854
21,1,0.94749403
22,1,0.76914495
23,1,0.9734937
24,1,0.9335206
25,1,0.9745899
26,1,0.9430091
27,1,0.8546137
28,1,0.94631654
29,1,0.96033734
30,1,0.96950275
31,1,0.9439056
32,1,0.9682247
33,1,0.9634527
34,1,0.93715096
35,1,0.9959979
36,1,0.95745677
37,1,0.96089613
38,1,0.98314905
39,1,0.8531256
40,1,0.97806656
41,1,0.95012885
42,1,0.9960632
43,1,0.99312854
44,1,0.9500206
45,1,0.9924596
46,1,0.9863469
47,1,0.74033916
48,1,0.83687973
49,1,0.85521656
50,1,0.9439056
51,1,0.9744178
52,1,0.9938233
53,1,0.97939235
54,1,0.98138636
55,1,0.8550389
56,1,0.984313
57,1,0.90881777
58,1,0.8833271
59,1,0.9996063
60,1,0.8384134
61,1,0.8722248
62,1,0.9516682
63,1,0.965195
64,1,0.98760825
65,1,0.99485093
66,1,0.9749854
67,1,0.8834275
68,1,0.9572117
69,1,0.97930956
70,1,0.94014615
71,1,0.982643
72,1,0.9587684
73,1,0.96033734
74,1,0.95182425
75,1,0.9424234
76,1,0.93772435
77,1,0.99978405
78,1,0.92300314
79,1,0.9532155
80,1,0.9633601
81,1,0.95182437
82,1,0.920974
83,1,0.97274774
84,1,0.9352134
85,1,0.9788143
86,1,0.8529981
87,1,0.8566621
88,1,0.74033916
89,1,0.7336524
90,1,0.9500206
91,1,0.98363197
92,1,0.98874575
93,1,0.920974
94,1,0.9641821
95,1,0.96784043
96,1,0.90726703
97,1,0.9966156
98,1,0.9734937
99,1,0.9022693
