Index,Predicted_Class,Probability
0,1,0.9189146
1,1,0.97878414
2,1,0.9379276
3,1,0.95769733
4,1,0.90678626
5,1,0.79743326
6,1,0.8474054
7,1,0.9927449
8,1,0.9819272
9,1,0.8585678
10,1,0.96726996
11,1,0.9186548
12,1,0.92533296
13,1,0.99251246
14,1,0.9584241
15,1,0.9873223
16,1,0.95749307
17,1,0.984029
18,1,0.9991615
19,1,0.957355
20,1,0.8474054
21,1,0.864216
22,1,0.9153843
23,1,0.9945963
24,1,0.9661524
25,1,0.9150404
26,1,0.99251246
27,1,0.9006945
28,1,0.9147905
29,1,0.93975127
30,1,0.94060206
31,1,0.9865508
32,1,0.77678245
33,1,0.97972155
34,1,0.94067824
35,1,0.9078238
36,1,0.9209692
37,1,0.9186548
38,1,0.99568284
39,1,0.9753931
40,1,0.96044225
41,1,0.9827687
42,1,0.92341995
43,1,0.8585678
44,1,0.85463303
45,1,0.9007699
46,1,0.9246075
47,1,0.90066457
48,1,0.8187902
49,1,0.98904234
50,1,0.99146616
51,1,0.98781013
52,1,0.95126235
53,1,0.9910711
54,1,0.865034
55,1,0.9930934
56,1,0.9289574
57,1,0.9661524
58,1,0.84488875
59,1,0.9932516
60,1,0.6967171
61,1,0.9926911
62,1,0.97850066
63,1,0.90226173
64,1,0.97394174
65,1,0.9379276
66,1,0.99790263
67,1,0.79743326
68,1,0.9590578
69,1,0.94533724
70,1,0.9714831
71,1,0.9095352
72,1,0.9862955
73,1,0.9130669
74,1,0.97394174
75,1,0.98252904
76,1,0.95769733
77,1,0.97244656
78,1,0.9627141
79,1,0.9845516
80,1,0.9626531
81,1,0.9153843
82,1,0.9154674
83,1,0.9246075
84,1,0.76143205
85,1,0.8388769
86,1,0.99797004
87,1,0.9806934
88,1,0.85463303
89,1,0.92533296
90,1,0.99667126
91,1,0.980702
92,1,0.92088836
93,1,0.9996747
94,1,0.87192714
95,1,0.90902954
96,1,0.9276263
97,1,0.9130669
98,1,0.957355
99,1,0.93975127
