Index,Predicted_Class,Probability
0,1,0.95452565
1,1,0.865431
2,1,0.99270356
3,1,0.9741545
4,1,0.8383816
5,1,0.8886932
6,1,0.9985965
7,1,0.84826404
8,1,0.98800474
9,1,0.98886126
10,1,0.9740468
11,1,0.879112
12,1,0.93026596
13,1,0.94030654
14,1,0.9933949
15,1,0.9944237
16,1,0.9749809
17,1,0.9902401
18,1,0.892351
19,1,0.96019596
20,1,0.9431504
21,1,0.9849377
22,1,0.96461165
23,1,0.9716026
24,1,0.98107773
25,1,0.8936864
26,1,0.97105914
27,1,0.9433092
28,1,0.7784968
29,1,0.9902402
30,1,0.9801641
31,1,0.70198035
32,1,0.89618385
33,1,0.9702031
34,1,0.9724796
35,1,0.97934353
36,1,0.89618385
37,1,0.8896193
38,1,0.9803185
39,1,0.9646439
40,1,0.9652172
41,1,0.97115964
42,1,0.9290604
43,1,0.9726491
44,1,0.9637821
45,1,0.938223
46,1,0.991617
47,1,0.89618385
48,1,0.99726164
49,1,0.80962586
50,1,0.9828044
51,1,0.8119005
52,1,0.9633659
53,1,0.9801641
54,1,0.91636384
55,1,0.9225297
56,1,0.7446303
57,1,0.7446303
58,1,0.91459924
59,1,0.96354884
60,1,0.87634385
61,1,0.99399406
62,1,0.99170035
63,1,0.9848359
64,1,0.92606
65,1,0.9884216
66,1,0.9874135
67,1,0.97105914
68,1,0.971321
69,1,0.8220443
70,1,0.983778
71,1,0.89941955
72,1,0.98040366
73,1,0.9839271
74,1,0.9961111
75,1,0.96250814
76,1,0.9361056
77,1,0.9694463
78,1,0.9964405
79,1,0.9361056
80,1,0.99102485
81,1,0.97749305
82,1,0.9749809
83,1,0.9630859
84,1,0.9804699
85,1,0.92764187
86,1,0.8901949
87,1,0.87634385
88,1,0.865431
89,1,0.9397544
90,1,0.9780687
91,1,0.9218278
92,1,0.93026596
93,1,0.9916544
94,1,0.9381646
95,1,0.9417882
96,1,0.9740468
97,1,0.9831509
98,1,0.8964317
99,1,0.9960594
