Index,Predicted_Class,Probability
0,1,0.9487509
1,1,0.90293264
2,1,0.78503376
3,1,0.8868487
4,1,0.8736544
5,1,0.9896159
6,1,0.8790896
7,1,0.97760457
8,1,0.8450765
9,1,0.94554347
10,1,0.9912059
11,1,0.9939627
12,1,0.89710385
13,1,0.94672334
14,1,0.96502054
15,1,0.9651611
16,1,0.86891735
17,1,0.9582516
18,1,0.9138188
19,1,0.97717255
20,1,0.97783184
21,1,0.85916495
22,1,0.99637467
23,1,0.9884744
24,1,0.9727845
25,1,0.96954143
26,1,0.8374168
27,1,0.9462762
28,1,0.8615598
29,1,0.94017184
30,1,0.75488955
31,1,0.96570086
32,1,0.90440345
33,1,0.99191964
34,1,0.9735928
35,1,0.8679843
36,1,0.9798681
37,1,0.9950832
38,1,0.99108994
39,1,0.98585004
40,1,0.9594493
41,1,0.94383997
42,1,0.9845638
43,1,0.9236957
44,1,0.9735928
45,1,0.9872388
46,1,0.9716907
47,1,0.9380118
48,1,0.90293264
49,1,0.98941666
50,1,0.9881258
51,1,0.8637953
52,1,0.9913696
53,1,0.9734109
54,1,0.9845509
55,1,0.79295
56,1,0.98844945
57,1,0.9580493
58,1,0.878873
59,1,0.9455573
60,1,0.6712306
61,1,0.90440345
62,1,0.8837042
63,1,0.9400674
64,1,0.9735928
65,1,0.9208163
66,1,0.8736544
67,1,0.97635615
68,1,0.86689603
69,1,0.96954143
70,1,0.9837155
71,1,0.93752193
72,1,0.9307642
73,1,0.94383997
74,1,0.85916495
75,1,0.9837155
76,1,0.9814617
77,1,0.99645424
78,1,0.9307642
79,1,0.8790896
80,1,0.87875587
81,1,0.83792925
82,1,0.8501845
83,1,0.96570086
84,1,0.97254926
85,1,0.95971185
86,1,0.9858889
87,1,0.97212356
88,1,0.9751961
89,1,0.9687372
90,1,0.92242557
91,1,0.9884299
92,1,0.98941666
93,1,0.9208163
94,1,0.99098295
95,1,0.8837042
96,1,0.90916556
97,1,0.8663935
98,1,0.9455573
99,1,0.7995149
