Index,Predicted_Class,Probability
0,1,0.9025597
1,1,0.96401656
2,1,0.9326859
3,1,0.9025597
4,1,0.971333
5,1,0.8897541
6,1,0.89724326
7,1,0.9665813
8,1,0.8776237
9,1,0.9345374
10,1,0.9177275
11,1,0.83945596
12,1,0.9993967
13,1,0.9193431
14,1,0.96476036
15,1,0.97628057
16,1,0.83955836
17,1,0.9077013
18,1,0.9703344
19,1,0.92405385
20,1,0.90834475
21,1,0.98537225
22,1,0.75329685
23,1,0.9117606
24,1,0.9352362
25,1,0.9066081
26,1,0.9413148
27,1,0.90834475
28,1,0.9433476
29,1,0.9117606
30,1,0.95887965
31,1,0.93575233
32,1,0.88734984
33,1,0.8271774
34,1,0.9225132
35,1,0.9641882
36,1,0.9765767
37,1,0.8504726
38,1,0.9992924
39,1,0.9326859
40,1,0.9683353
41,1,0.79774743
42,1,0.8415807
43,1,0.97628057
44,1,0.86281735
45,1,0.9497376
46,1,0.8584467
47,1,0.89724326
48,1,0.9923745
49,1,0.94001055
50,1,0.86246276
51,1,0.9827001
52,1,0.97197837
53,1,0.9926017
54,1,0.9077013
55,1,0.9609189
56,1,0.99588156
57,1,0.9925569
58,1,0.84909993
59,1,0.99565685
60,1,0.99019885
61,1,0.9925569
62,1,0.83719146
63,1,0.95887965
64,1,0.9370538
65,1,0.84909993
66,1,0.99796677
67,1,0.97384024
68,1,0.9020857
69,1,0.93575233
70,1,0.99261606
71,1,0.935789
72,1,0.9345374
73,1,0.87350416
74,1,0.95452476
75,1,0.96424127
76,1,0.96967244
77,1,0.9732712
78,1,0.9321375
79,1,0.8584467
80,1,0.9993475
81,1,0.8741711
82,1,0.7691298
83,1,0.9708322
84,1,0.9868592
85,1,0.9413148
86,1,0.88651705
87,1,0.83787924
88,1,0.8862971
89,1,0.97968996
90,1,0.9193431
91,1,0.9167658
92,1,0.998587
93,1,0.9255548
94,1,0.99279916
95,1,0.9708865
96,1,0.99298745
97,1,0.83143723
98,1,0.99529064
99,1,0.8583144
