Index,Predicted_Class,Probability
0,1,0.90725917
1,1,0.9991998
2,1,0.9059166
3,1,0.88509786
4,1,0.93318844
5,1,0.9585951
6,1,0.9323312
7,1,0.9733575
8,1,0.9483048
9,1,0.6790129
10,1,0.9104322
11,1,0.99713564
12,1,0.9388381
13,1,0.88799506
14,1,0.90955013
15,1,0.9738646
16,1,0.984475
17,1,0.9148419
18,1,0.98735285
19,1,0.9828908
20,1,0.976646
21,1,0.95298874
22,1,0.8830123
23,1,0.7751182
24,1,0.92962205
25,1,0.9962392
26,1,0.99363554
27,1,0.6578434
28,1,0.7356883
29,1,0.9000989
30,1,0.9844242
31,1,0.92962205
32,1,0.9413014
33,1,0.9754304
34,1,0.94494325
35,1,0.9121088
36,1,0.5917169
37,1,0.7955964
38,1,0.954834
39,1,0.8965347
40,1,0.85698646
41,1,0.9498657
42,1,0.90955013
43,1,0.97314036
44,1,0.9983296
45,1,0.9613071
46,1,0.9683908
47,1,0.9780699
48,1,0.90340793
49,1,0.90340793
50,1,0.9348263
51,1,0.98140955
52,1,0.9392887
53,1,0.8483583
54,1,0.97314036
55,1,0.9738646
56,1,0.95298874
57,1,0.96277493
58,1,0.98645824
59,1,0.9051836
60,1,0.8136049
61,1,0.9535191
62,1,0.9743637
63,1,0.9388381
64,1,0.99552226
65,1,0.6578434
66,1,0.9914111
67,1,0.96065855
68,1,0.9743637
69,1,0.95617735
70,1,0.9104322
71,1,0.90102893
72,1,0.97251385
73,1,0.8795602
74,1,0.9767734
75,1,0.90955013
76,1,0.9815352
77,1,0.9743637
78,1,0.95576394
79,1,0.9498657
80,1,0.8830123
81,1,0.9059166
82,1,0.96727544
83,1,0.99422085
84,1,0.99033606
85,1,0.7751182
86,1,0.9348263
87,1,0.96727544
88,1,0.9951952
89,1,0.99033606
90,1,0.9819373
91,1,0.81243473
92,1,0.6790129
93,1,0.9891795
94,1,0.90340793
95,1,0.96161026
96,1,0.9059166
97,1,0.84317076
98,1,0.9921951
99,1,0.9794699
