Index,Predicted_Class,Probability
0,1,0.86820436
1,1,0.95519286
2,1,0.9678756
3,1,0.94330686
4,1,0.98500764
5,1,0.95856816
6,1,0.96563965
7,1,0.9372879
8,1,0.9846981
9,1,0.93305516
10,1,0.8770831
11,1,0.9335821
12,1,0.94571507
13,1,0.9568537
14,1,0.9213602
15,1,0.96284956
16,1,0.8804114
17,1,0.8625736
18,1,0.8296856
19,1,0.9834099
20,1,0.9283256
21,1,0.9568537
22,1,0.9623277
23,1,0.96378696
24,1,0.84900856
25,1,0.98558795
26,1,0.9891572
27,1,0.9982821
28,1,0.8924315
29,1,0.94729096
30,1,0.9363802
31,1,0.9578909
32,1,0.9755814
33,1,0.9957866
34,1,0.98846895
35,1,0.9978465
36,1,0.9929501
37,1,0.98342025
38,1,0.8924315
39,1,0.9587189
40,1,0.9578909
41,1,0.8925973
42,1,0.98846895
43,1,0.94963443
44,1,0.8733594
45,1,0.9335821
46,1,0.9678756
47,1,0.8867943
48,1,0.98577636
49,1,0.9425575
50,1,0.9682146
51,1,0.9481633
52,1,0.9028123
53,1,0.8252852
54,1,0.8961715
55,1,0.99750274
56,1,0.9918045
57,1,0.8893876
58,1,0.9938048
59,1,0.9315299
60,1,0.9793315
61,1,0.8534994
62,1,0.8870266
63,1,0.9587189
64,1,0.98558795
65,1,0.9834099
66,1,0.998478
67,1,0.91169405
68,1,0.98327243
69,1,0.89030606
70,1,0.9412278
71,1,0.9920288
72,1,0.93920344
73,1,0.9651567
74,1,0.977707
75,1,0.89932746
76,1,0.9533092
77,1,0.93305516
78,1,0.8925973
79,1,0.92650336
80,1,0.9315299
81,1,0.9425575
82,1,0.9096137
83,1,0.8961715
84,1,0.96437544
85,1,0.9420771
86,1,0.8893876
87,1,0.9533092
88,1,0.9814866
89,1,0.8733594
90,1,0.9162414
91,1,0.8451575
92,1,0.813433
93,1,0.9420771
94,1,0.84673995
95,1,0.97268134
96,1,0.8625736
97,1,0.99051815
98,1,0.9747224
99,1,0.98327243
