Index,Predicted_Class,Probability
0,1,0.9361778
1,1,0.9555207
2,1,0.9635886
3,1,0.9799028
4,1,0.99596393
5,1,0.888869
6,1,0.90550095
7,1,0.95648086
8,1,0.92202103
9,1,0.9596442
10,1,0.86480707
11,1,0.97204506
12,1,0.8803726
13,1,0.9769672
14,1,0.9986505
15,1,0.86441
16,1,0.88924915
17,1,0.947761
18,1,0.9110852
19,1,0.84120643
20,1,0.9687319
21,1,0.88924915
22,1,0.9852483
23,1,0.8858982
24,1,0.8275785
25,1,0.9850122
26,1,0.9899132
27,1,0.9274712
28,1,0.9894539
29,1,0.97733885
30,1,0.9375869
31,1,0.83467937
32,1,0.94436955
33,1,0.78278935
34,1,0.98180044
35,1,0.94392145
36,1,0.9058064
37,1,0.9885626
38,1,0.983395
39,1,0.9244342
40,1,0.931761
41,1,0.9755868
42,1,0.9900231
43,1,0.987288
44,1,0.98663193
45,1,0.9635886
46,1,0.92765707
47,1,0.9769672
48,1,0.9910466
49,1,0.9233259
50,1,0.9076921
51,1,0.97205395
52,1,0.9960563
53,1,0.9084455
54,1,0.984706
55,1,0.98180044
56,1,0.98205966
57,1,0.54954886
58,1,0.9635886
59,1,0.8097009
60,1,0.9247673
61,1,0.9632077
62,1,0.95837975
63,1,0.9420437
64,1,0.99289036
65,1,0.9465397
66,1,0.9708632
67,1,0.9841515
68,1,0.98665226
69,1,0.51163816
70,1,0.8275785
71,1,0.9798702
72,1,0.975157
73,1,0.9677949
74,1,0.96387047
75,1,0.9257579
76,1,0.9954953
77,1,0.9542174
78,1,0.85112303
79,1,0.86690867
80,1,0.98364335
81,1,0.99982846
82,1,0.90830547
83,1,0.99714524
84,1,0.9268411
85,1,0.9402144
86,1,0.8983796
87,1,0.91656595
88,1,0.9868101
89,1,0.91656595
90,1,0.86629933
91,1,0.888869
92,1,0.9762614
93,1,0.9698694
94,1,0.92765707
95,1,0.9755868
96,1,0.9765406
97,1,0.78278935
98,1,0.9076921
99,1,0.9798702
