Index,Predicted_Class,Probability
0,1,0.9360759
1,1,0.8632083
2,1,0.9491886
3,1,0.93435776
4,1,0.94853306
5,1,0.8118948
6,1,0.92478365
7,1,0.9360759
8,1,0.99464417
9,1,0.9977749
10,1,0.9637161
11,1,0.84319
12,1,0.95091695
13,1,0.9934588
14,1,0.95125705
15,1,0.9753042
16,1,0.93584776
17,1,0.9261461
18,1,0.9723779
19,1,0.9788744
20,1,0.8000538
21,1,0.96962345
22,1,0.99180365
23,1,0.89679426
24,1,0.9863587
25,1,0.8834155
26,1,0.97738063
27,1,0.9799871
28,1,0.96853626
29,1,0.9990299
30,1,0.87284774
31,1,0.8000538
32,1,0.99833304
33,1,0.9852326
34,1,0.97750413
35,1,0.9759459
36,1,0.9031222
37,1,0.9558077
38,1,0.9362984
39,1,0.9913564
40,1,0.9598545
41,1,0.99077773
42,1,0.9108001
43,1,0.9728045
44,1,0.9836579
45,1,0.89581454
46,1,0.9717767
47,1,0.942974
48,1,0.91849315
49,1,0.88570327
50,1,0.92697334
51,1,0.9661605
52,1,0.9199637
53,1,0.9564849
54,1,0.9301166
55,1,0.99524313
56,1,0.8752089
57,1,0.9091891
58,1,0.910747
59,1,0.9134266
60,1,0.94152695
61,1,0.96912587
62,1,0.9437094
63,1,0.9709566
64,1,0.95719224
65,1,0.822756
66,1,0.9936597
67,1,0.8866486
68,1,0.8551088
69,1,0.936319
70,1,0.99052536
71,1,0.9857238
72,1,0.93435776
73,1,0.97738063
74,1,0.9884306
75,1,0.93191224
76,1,0.99316496
77,1,0.98756313
78,1,0.9587328
79,1,0.9605048
80,1,0.9723779
81,1,0.9301171
82,1,0.8752089
83,1,0.84319
84,1,0.8551088
85,1,0.8087142
86,1,0.9924367
87,1,0.9948637
88,1,0.93584776
89,1,0.9754826
90,1,0.9587328
91,1,0.91849315
92,1,0.96601325
93,1,0.93170696
94,1,0.96912587
95,1,0.96912587
96,1,0.9971789
97,1,0.8412205
98,1,0.83439934
99,1,0.9884306
