Index,Predicted_Class,Probability
0,1,0.8814582
1,1,0.9779726
2,1,0.99964666
3,1,0.892493
4,1,0.8814582
5,1,0.980451
6,1,0.888348
7,1,0.7877489
8,1,0.9776315
9,1,0.9910712
10,1,0.9947806
11,1,0.9641799
12,1,0.94804764
13,1,0.9963929
14,1,0.9625019
15,1,0.9058167
16,1,0.9262297
17,1,0.7877489
18,1,0.96693546
19,1,0.9575095
20,1,0.9810983
21,1,0.9292509
22,1,0.9709184
23,1,0.9824823
24,1,0.9310927
25,1,0.9363339
26,1,0.97173184
27,1,0.9584861
28,1,0.9784128
29,1,0.966931
30,1,0.99707866
31,1,0.9694575
32,1,0.99321413
33,1,0.88317674
34,1,0.99680436
35,1,0.9749714
36,1,0.953601
37,1,0.8912978
38,1,0.8901416
39,1,0.9824823
40,1,0.9726211
41,1,0.9850249
42,1,0.966931
43,1,0.9749714
44,1,0.9527757
45,1,0.98524344
46,1,0.96667916
47,1,0.9866707
48,1,0.9955243
49,1,0.94661355
50,1,0.95605195
51,1,0.98180115
52,1,0.9516083
53,1,0.88942707
54,1,0.9575095
55,1,0.9593422
56,1,0.9808786
57,1,0.92619354
58,1,0.9827077
59,1,0.95582044
60,1,0.980451
61,1,0.95652884
62,1,0.9841054
63,1,0.8923324
64,1,0.97251374
65,1,0.9994648
66,1,0.9344536
67,1,0.9914351
68,1,0.8248209
69,1,0.93905264
70,1,0.94071627
71,1,0.9854769
72,1,0.91240907
73,1,0.97217834
74,1,0.9390891
75,1,0.9844617
76,1,0.9420073
77,1,0.9824823
78,1,0.92408574
79,1,0.865506
80,1,0.90955555
81,1,0.9848023
82,1,0.9135283
83,1,0.9848023
84,1,0.9810983
85,1,0.95605195
86,1,0.9862941
87,1,0.98400027
88,1,0.94382274
89,1,0.9384544
90,1,0.9866707
91,1,0.9584861
92,1,0.9299051
93,1,0.97173184
94,1,0.8774362
95,1,0.8932012
96,1,0.98216665
97,1,0.980451
98,1,0.98822916
99,1,0.9749714
