Index,Predicted_Class,Probability
0,1,0.86425763
1,1,0.94635874
2,1,0.92272455
3,1,0.9633416
4,1,0.9109702
5,1,0.93175054
6,1,0.9857858
7,1,0.9270257
8,1,0.97185385
9,1,0.99308664
10,1,0.8737893
11,1,0.9726232
12,1,0.96178424
13,1,0.80078393
14,1,0.95288914
15,1,0.9822739
16,1,0.98971736
17,1,0.89170617
18,1,0.9522135
19,1,0.9464056
20,1,0.9120729
21,1,0.9649097
22,1,0.98966825
23,1,0.98966825
24,1,0.9881813
25,1,0.99190813
26,1,0.9640057
27,1,0.8622307
28,1,0.9271729
29,1,0.98433834
30,1,0.97234714
31,1,0.96115214
32,1,0.989684
33,1,0.9863061
34,1,0.9868067
35,1,0.994945
36,1,0.876626
37,1,0.9863093
38,1,0.9082997
39,1,0.9544029
40,1,0.97837424
41,1,0.9220279
42,1,0.8622617
43,1,0.55060476
44,1,0.9439367
45,1,0.9863093
46,1,0.9243586
47,1,0.8129646
48,1,0.98762673
49,1,0.98433834
50,1,0.98177284
51,1,0.8573482
52,1,0.9778373
53,1,0.98534805
54,1,0.9822739
55,1,0.8749661
56,1,0.79319066
57,1,0.99264115
58,1,0.94419897
59,1,0.98706067
60,1,0.9271729
61,1,0.9252905
62,1,0.9961289
63,1,0.876626
64,1,0.885842
65,1,0.985732
66,1,0.9953301
67,1,0.9637547
68,1,0.95676136
69,1,0.9220279
70,1,0.89404047
71,1,0.9900423
72,1,0.55060476
73,1,0.93934876
74,1,0.8963248
75,1,0.83929306
76,1,0.99420553
77,1,0.9150464
78,1,0.94388354
79,1,0.97995824
80,1,0.9358179
81,1,0.96416825
82,1,0.9167936
83,1,0.8737893
84,1,0.94419897
85,1,0.9082997
86,1,0.99591905
87,1,0.9410204
88,1,0.9640057
89,1,0.9640057
90,1,0.98536694
91,1,0.95810544
92,1,0.92272455
93,1,0.96458733
94,1,0.9649097
95,1,0.94635874
96,1,0.985732
97,1,0.9946161
98,1,0.9802831
99,1,0.97185385
