Index,Predicted_Class,Probability
0,1,0.87051636
1,1,0.9398543
2,1,0.98159057
3,1,0.9443148
4,1,0.9887438
5,1,0.8032913
6,1,0.978446
7,1,0.893102
8,1,0.99103165
9,1,0.9820311
10,1,0.9251249
11,1,0.88003784
12,1,0.95429856
13,1,0.8481593
14,1,0.7446905
15,1,0.91610885
16,1,0.99710995
17,1,0.99210346
18,1,0.9647138
19,1,0.91761994
20,1,0.4428557
21,1,0.9452547
22,1,0.89469063
23,1,0.9521315
24,1,0.991668
25,1,0.97307193
26,1,0.87051636
27,1,0.9159995
28,1,0.96511245
29,1,0.96456337
30,1,0.98214394
31,1,0.98783755
32,1,0.93920255
33,1,0.98938304
34,1,0.9962226
35,1,0.9861514
36,1,0.9729751
37,1,0.99328
38,1,0.97570217
39,1,0.83140844
40,1,0.98407876
41,1,0.82312757
42,1,0.90439665
43,1,0.9451445
44,1,0.9672678
45,1,0.97175926
46,1,0.82312757
47,1,0.9687482
48,1,0.9736013
49,1,0.9836008
50,1,0.97177315
51,1,0.9743489
52,1,0.9479361
53,1,0.9159995
54,1,0.9687482
55,1,0.99397427
56,1,0.9253272
57,1,0.9917448
58,1,0.9734135
59,1,0.9927578
60,1,0.91645896
61,1,0.85849833
62,1,0.9915706
63,1,0.96041936
64,1,0.6719992
65,1,0.893102
66,1,0.88826126
67,1,0.4428557
68,1,0.9404779
69,1,0.98407876
70,1,0.9814657
71,1,0.9814657
72,1,0.91761994
73,1,0.9908468
74,1,0.9864114
75,1,0.94824946
76,1,0.9802771
77,1,0.94335574
78,1,0.6719992
79,1,0.97226197
80,1,0.9257578
81,1,0.9164993
82,1,0.96996653
83,1,0.9253272
84,1,0.9404779
85,1,0.995883
86,1,0.976854
87,1,0.9537729
88,1,0.91645896
89,1,0.9553021
90,1,0.97175926
91,1,0.9521315
92,1,0.95826757
93,1,0.98829085
94,1,0.9584263
95,1,0.98407876
96,1,0.80970776
97,1,0.7446905
98,1,0.9190971
99,1,0.85849833
