Index,Predicted_Class,Probability
0,1,0.9744494
1,1,0.97416073
2,1,0.8870413
3,1,0.9122245
4,1,0.8528489
5,1,0.9662543
6,1,0.9867312
7,1,0.95250815
8,1,0.97648275
9,1,0.9341993
10,1,0.9504624
11,1,0.99096584
12,1,0.9769298
13,1,0.953779
14,1,0.9808488
15,1,0.95019245
16,1,0.95476574
17,1,0.90479267
18,1,0.58069104
19,1,0.9769298
20,1,0.9850037
21,1,0.8884942
22,1,0.970158
23,1,0.9803467
24,1,0.9618699
25,1,0.88440055
26,1,0.7491675
27,1,0.746219
28,1,0.8753983
29,1,0.9849311
30,1,0.8758856
31,1,0.9111679
32,1,0.97648275
33,1,0.9547202
34,1,0.920589
35,1,0.99740404
36,1,0.9935842
37,1,0.9500922
38,1,0.9644296
39,1,0.88178515
40,1,0.9770926
41,1,0.97764164
42,1,0.8998006
43,1,0.95019245
44,1,0.9559568
45,1,0.9547202
46,1,0.9818295
47,1,0.8053477
48,1,0.9473681
49,1,0.99156827
50,1,0.9473624
51,1,0.939325
52,1,0.95476574
53,1,0.9618699
54,1,0.9935842
55,1,0.9614301
56,1,0.98574924
57,1,0.97608566
58,1,0.95099026
59,1,0.9911101
60,1,0.9701367
61,1,0.7579264
62,1,0.97956043
63,1,0.98574924
64,1,0.69161224
65,1,0.997139
66,1,0.9036471
67,1,0.7579264
68,1,0.9428097
69,1,0.9122245
70,1,0.9911101
71,1,0.8753983
72,1,0.9547202
73,1,0.8942669
74,1,0.86398995
75,1,0.9750368
76,1,0.98647237
77,1,0.5277698
78,1,0.9867312
79,1,0.9428097
80,1,0.953779
81,1,0.9111679
82,1,0.86434495
83,1,0.9261708
84,1,0.9626795
85,1,0.9975719
86,1,0.99528295
87,1,0.9500922
88,1,0.85907227
89,1,0.73223627
90,1,0.99156827
91,1,0.8944408
92,1,0.90964776
93,1,0.953779
94,1,0.99514824
95,1,0.98754895
96,1,0.8870413
97,1,0.5277698
98,1,0.9232748
99,1,0.7491675
