Index,Predicted_Class,Probability
0,1,0.81046325
1,1,0.97780734
2,1,0.9657813
3,1,0.945557
4,1,0.91827655
5,1,0.9909383
6,1,0.9490941
7,1,0.9936061
8,1,0.86140674
9,1,0.99227977
10,1,0.9136767
11,1,0.9718898
12,1,0.99929404
13,1,0.90953386
14,1,0.99425805
15,1,0.9747062
16,1,0.9443598
17,1,0.95601845
18,1,0.97145253
19,1,0.9140498
20,1,0.89559674
21,1,0.9865159
22,1,0.9086712
23,1,0.8169818
24,1,0.9947121
25,1,0.9932894
26,1,0.84307206
27,1,0.9359136
28,1,0.9397929
29,1,0.98735154
30,1,0.9989428
31,1,0.6641883
32,1,0.9846198
33,1,0.9881747
34,1,0.71253705
35,1,0.9555224
36,1,0.8955459
37,1,0.9561185
38,1,0.90953386
39,1,0.93057406
40,1,0.9770552
41,1,0.98735154
42,1,0.8496512
43,1,0.96125424
44,1,0.9269379
45,1,0.90852296
46,1,0.962826
47,1,0.9136767
48,1,0.86070883
49,1,0.8688144
50,1,0.9898865
51,1,0.9682994
52,1,0.99558395
53,1,0.99178666
54,1,0.9186266
55,1,0.66105866
56,1,0.913329
57,1,0.89121336
58,1,0.9747464
59,1,0.9490941
60,1,0.966978
61,1,0.6273957
62,1,0.9819864
63,1,0.9657813
64,1,0.9948442
65,1,0.8787645
66,1,0.99577254
67,1,0.88248473
68,1,0.9849141
69,1,0.6800326
70,1,0.99042714
71,1,0.98068285
72,1,0.98299235
73,1,0.9952539
74,1,0.97946393
75,1,0.9490941
76,1,0.9566624
77,1,0.97341806
78,1,0.66105866
79,1,0.9699186
80,1,0.9884459
81,1,0.87422055
82,1,0.9390949
83,1,0.9390949
84,1,0.9918555
85,1,0.7226431
86,1,0.9900945
87,1,0.9747062
88,1,0.9359136
89,1,0.93057406
90,1,0.89246625
91,1,0.9788618
92,1,0.9747062
93,1,0.98785806
94,1,0.95601845
95,1,0.8890774
96,1,0.7037889
97,1,0.913329
98,1,0.95446
99,1,0.95061016
