Index,Predicted_Class,Probability
0,1,0.66593647
1,1,0.9909965
2,1,0.9018457
3,1,0.933314
4,1,0.954271
5,1,0.98451394
6,1,0.76575243
7,1,0.9499633
8,1,0.8979041
9,1,0.85822195
10,1,0.91673476
11,1,0.8902237
12,1,0.9521702
13,1,0.954271
14,1,0.9946838
15,1,0.8904271
16,1,0.962606
17,1,0.91899925
18,1,0.8859649
19,1,0.98928285
20,1,0.91899925
21,1,0.9514158
22,1,0.9888353
23,1,0.95156986
24,1,0.8296116
25,1,0.95051515
26,1,0.91363955
27,1,0.9907996
28,1,0.9833272
29,1,0.77975297
30,1,0.9083167
31,1,0.911047
32,1,0.9810534
33,1,0.9641423
34,1,0.98442334
35,1,0.76575243
36,1,0.9889774
37,1,0.929021
38,1,0.8684027
39,1,0.8540879
40,1,0.9980215
41,1,0.97409123
42,1,0.8684027
43,1,0.89508605
44,1,0.933314
45,1,0.97409123
46,1,0.98442334
47,1,0.88466096
48,1,0.9933101
49,1,0.7789735
50,1,0.99288976
51,1,0.90490025
52,1,0.97478604
53,1,0.947474
54,1,0.77975297
55,1,0.8979041
56,1,0.8853525
57,1,0.98252594
58,1,0.9200759
59,1,0.9174757
60,1,0.8534958
61,1,0.99411654
62,1,0.9468644
63,1,0.933314
64,1,0.89448106
65,1,0.96121097
66,1,0.9337057
67,1,0.9474857
68,1,0.988197
69,1,0.9784882
70,1,0.9179778
71,1,0.9850876
72,1,0.9036824
73,1,0.80726546
74,1,0.92191654
75,1,0.98450077
76,1,0.98928285
77,1,0.98451394
78,1,0.9905409
79,1,0.9200759
80,1,0.9859012
81,1,0.9529946
82,1,0.99288976
83,1,0.8923766
84,1,0.85822195
85,1,0.99771416
86,1,0.993606
87,1,0.9690503
88,1,0.97233945
89,1,0.9474857
90,1,0.9423575
91,1,0.99980336
92,1,0.97463745
93,1,0.9741899
94,1,0.8979041
95,1,0.94265395
96,1,0.9934321
97,1,0.947474
98,1,0.92191654
99,1,0.9769181
