Index,Predicted_Class,Probability
0,1,0.9708222
1,1,0.8789063
2,1,0.95129955
3,1,0.9952761
4,1,0.9933297
5,1,0.95797974
6,1,0.99652666
7,1,0.9552079
8,1,0.93557066
9,1,0.9272584
10,1,0.9838684
11,1,0.8528067
12,1,0.96904594
13,1,0.9906944
14,1,0.9198383
15,1,0.8453918
16,1,0.9508239
17,1,0.942583
18,1,0.94822586
19,1,0.9072197
20,1,0.9077407
21,1,0.92498076
22,1,0.9406148
23,1,0.94660413
24,1,0.8247373
25,1,0.9763405
26,1,0.9545986
27,1,0.9942215
28,1,0.9360859
29,1,0.91058105
30,1,0.61013836
31,1,0.9425153
32,1,0.9844887
33,1,0.99340254
34,1,0.946264
35,1,0.9310176
36,1,0.9592281
37,1,0.8599289
38,1,0.9962388
39,1,0.9731328
40,1,0.9804751
41,1,0.9593434
42,1,0.8599289
43,1,0.8247373
44,1,0.9480475
45,1,0.854346
46,1,0.9352799
47,1,0.90859807
48,1,0.98799676
49,1,0.97732234
50,1,0.92929506
51,1,0.9583563
52,1,0.98198766
53,1,0.90902835
54,1,0.97074497
55,1,0.9445146
56,1,0.9583563
57,1,0.9653706
58,1,0.935194
59,1,0.9759237
60,1,0.9766211
61,1,0.98544645
62,1,0.9665021
63,1,0.98703057
64,1,0.9842276
65,1,0.87742877
66,1,0.90776014
67,1,0.9425153
68,1,0.9876639
69,1,0.98618954
70,1,0.94822586
71,1,0.8453918
72,1,0.9906944
73,1,0.9911032
74,1,0.8528067
75,1,0.9622511
76,1,0.9092667
77,1,0.9833823
78,1,0.93724775
79,1,0.96785206
80,1,0.9961901
81,1,0.99743146
82,1,0.93906873
83,1,0.9425153
84,1,0.97116435
85,1,0.9119903
86,1,0.9925477
87,1,0.9792636
88,1,0.96473974
89,1,0.99405646
90,1,0.95747346
91,1,0.9740838
92,1,0.9399105
93,1,0.99726176
94,1,0.8822691
95,1,0.96773505
96,1,0.9772915
97,1,0.9770107
98,1,0.95889914
99,1,0.9445075
