Index,Predicted_Class,Probability
0,1,0.91691583
1,1,0.952251
2,1,0.73283064
3,1,0.9873449
4,1,0.8658679
5,1,0.99662554
6,1,0.9480483
7,1,0.9320104
8,1,0.94129676
9,1,0.9462727
10,1,0.97556835
11,1,0.86797774
12,1,0.927013
13,1,0.9561332
14,1,0.8871448
15,1,0.992393
16,1,0.8911461
17,1,0.9716386
18,1,0.9021977
19,1,0.9610712
20,1,0.8911461
21,1,0.96641314
22,1,0.9287072
23,1,0.98858696
24,1,0.9798252
25,1,0.97520477
26,1,0.9561517
27,1,0.93350565
28,1,0.9850134
29,1,0.9069747
30,1,0.9716386
31,1,0.9888475
32,1,0.9610712
33,1,0.8605321
34,1,0.99961567
35,1,0.94470006
36,1,0.91297877
37,1,0.87366635
38,1,0.97907764
39,1,0.94470006
40,1,0.9375339
41,1,0.9192287
42,1,0.99173903
43,1,0.83698076
44,1,0.98564667
45,1,0.8929318
46,1,0.99596393
47,1,0.9539986
48,1,0.97564566
49,1,0.9302937
50,1,0.8833133
51,1,0.9780652
52,1,0.8247962
53,1,0.9971951
54,1,0.9390291
55,1,0.97026104
56,1,0.9561332
57,1,0.9539986
58,1,0.8367618
59,1,0.95025855
60,1,0.9422351
61,1,0.8247962
62,1,0.9908674
63,1,0.9895806
64,1,0.8999989
65,1,0.8775383
66,1,0.9561332
67,1,0.9021977
68,1,0.97197706
69,1,0.73283064
70,1,0.9102089
71,1,0.927013
72,1,0.9269206
73,1,0.8775383
74,1,0.9848514
75,1,0.90747046
76,1,0.9798252
77,1,0.96245724
78,1,0.97820663
79,1,0.96957225
80,1,0.93350565
81,1,0.9480483
82,1,0.98403555
83,1,0.9971353
84,1,0.9360569
85,1,0.86797774
86,1,0.9935499
87,1,0.85442936
88,1,0.98740035
89,1,0.96726626
90,1,0.9192287
91,1,0.78652424
92,1,0.8911461
93,1,0.97820663
94,1,0.8871448
95,1,0.91929096
96,1,0.99777967
97,1,0.97896236
98,1,0.94470006
99,1,0.9375339
