Index,Predicted_Class,Probability
0,1,0.9996105
1,1,0.9745121
2,1,0.9594522
3,1,0.7761192
4,1,0.9049855
5,1,0.99950886
6,1,0.99906975
7,1,0.88868785
8,1,0.953104
9,1,0.95046324
10,1,0.98678744
11,1,0.91411835
12,1,0.87946206
13,1,0.9031955
14,1,0.946724
15,1,0.95378697
16,1,0.977033
17,1,0.8098706
18,1,0.9773351
19,1,0.9172304
20,1,0.95386237
21,1,0.91655195
22,1,0.5802829
23,1,0.9982528
24,1,0.83500963
25,1,0.5802829
26,1,0.95378697
27,1,0.81424844
28,1,0.91420907
29,1,0.9735247
30,1,0.8878853
31,1,0.9462396
32,1,0.9412598
33,1,0.6213303
34,1,0.87188375
35,1,0.9839536
36,1,0.98482263
37,1,0.9926974
38,1,0.9680415
39,1,0.9492843
40,1,0.9811819
41,1,0.6213303
42,1,0.977033
43,1,0.9718332
44,1,0.9586278
45,1,0.94584537
46,1,0.79255694
47,1,0.8389223
48,1,0.9893435
49,1,0.9852459
50,1,0.91700804
51,1,0.87676567
52,1,0.9006294
53,1,0.95061696
54,1,0.738359
55,1,0.98263735
56,1,0.99697137
57,1,0.9745121
58,1,0.9889309
59,1,0.9052916
60,1,0.9280782
61,1,0.97210824
62,1,0.91215295
63,1,0.84866065
64,1,0.9989298
65,1,0.9932039
66,1,0.9826629
67,1,0.886385
68,1,0.9695784
69,1,0.9740824
70,1,0.91313094
71,1,0.9878078
72,1,0.8876335
73,1,0.9495896
74,1,0.8958474
75,1,0.9437135
76,1,0.9826629
77,1,0.8777616
78,1,0.9695784
79,1,0.76996934
80,1,0.98494935
81,1,0.9926974
82,1,0.9695784
83,1,0.9439402
84,1,0.9714239
85,1,0.8096926
86,1,0.96326745
87,1,0.8876335
88,1,0.9763624
89,1,0.9955758
90,1,0.9052916
91,1,0.9774563
92,1,0.9985532
93,1,0.8098706
94,1,0.78117913
95,1,0.9090302
96,1,0.91313094
97,1,0.8958474
98,1,0.9956938
99,1,0.9194061
