Index,Predicted_Class,Probability
0,1,0.9795976
1,1,0.93210155
2,1,0.99125296
3,1,0.95327866
4,1,0.84309584
5,1,0.97790533
6,1,0.98459226
7,1,0.84309584
8,1,0.97790533
9,1,0.99051183
10,1,0.99150026
11,1,0.93163145
12,1,0.90245634
13,1,0.9444021
14,1,0.9650465
15,1,0.90342593
16,1,0.9497628
17,1,0.938003
18,1,0.9915515
19,1,0.99091023
20,1,0.9122221
21,1,0.793968
22,1,0.9870215
23,1,0.90668833
24,1,0.93259084
25,1,0.93716794
26,1,0.88489497
27,1,0.9824148
28,1,0.9484584
29,1,0.99125296
30,1,0.92963225
31,1,0.93210155
32,1,0.9502348
33,1,0.7807256
34,1,0.989153
35,1,0.938003
36,1,0.92963225
37,1,0.8660536
38,1,0.72437024
39,1,0.72437024
40,1,0.9823437
41,1,0.9845649
42,1,0.987351
43,1,0.9971955
44,1,0.83980936
45,1,0.93502444
46,1,0.99680436
47,1,0.96213746
48,1,0.82909405
49,1,0.9333534
50,1,0.8936088
51,1,0.9497628
52,1,0.9476304
53,1,0.93948215
54,1,0.88013977
55,1,0.9433021
56,1,0.99917334
57,1,0.99051183
58,1,0.9823437
59,1,0.9785659
60,1,0.98014337
61,1,0.82909405
62,1,0.98983765
63,1,0.92962873
64,1,0.9671381
65,1,0.9816939
66,1,0.89604986
67,1,0.93502444
68,1,0.9671381
69,1,0.9888361
70,1,0.9930495
71,1,0.9948665
72,1,0.9686252
73,1,0.91518885
74,1,0.9729936
75,1,0.80470705
76,1,0.849906
77,1,0.7446052
78,1,0.9027085
79,1,0.9727065
80,1,0.98869354
81,1,0.849906
82,1,0.987351
83,1,0.93259084
84,1,0.77789104
85,1,0.82909405
86,1,0.9426599
87,1,0.9816939
88,1,0.783364
89,1,0.951293
90,1,0.9180555
91,1,0.9800828
92,1,0.9776604
93,1,0.9338722
94,1,0.9904207
95,1,0.92222524
96,1,0.96936184
97,1,0.987351
98,1,0.9676949
99,1,0.91490966
