Index,Predicted_Class,Probability
0,1,0.9207314
1,1,0.8773867
2,1,0.91877574
3,1,0.7765258
4,1,0.9669504
5,1,0.9549095
6,1,0.7966294
7,1,0.9412034
8,1,0.9566155
9,1,0.89387095
10,1,0.978211
11,1,0.9265807
12,1,0.9085692
13,1,0.9864492
14,1,0.950762
15,1,0.98874795
16,1,0.97108227
17,1,0.9503603
18,1,0.94913954
19,1,0.979282
20,1,0.99150026
21,1,0.9732789
22,1,0.9404383
23,1,0.9914752
24,1,0.98246205
25,1,0.9414133
26,1,0.99527514
27,1,0.89746636
28,1,0.8944356
29,1,0.8797334
30,1,0.80875695
31,1,0.9244452
32,1,0.9910999
33,1,0.9404383
34,1,0.7890067
35,1,0.9583042
36,1,0.9500372
37,1,0.9864492
38,1,0.9222277
39,1,0.9748745
40,1,0.7966294
41,1,0.97373384
42,1,0.96991795
43,1,0.9829534
44,1,0.98599917
45,1,0.97536284
46,1,0.8909937
47,1,0.9849148
48,1,0.9474296
49,1,0.950762
50,1,0.96405977
51,1,0.7368681
52,1,0.838769
53,1,0.8495562
54,1,0.9222277
55,1,0.9982463
56,1,0.97108227
57,1,0.9956464
58,1,0.9910409
59,1,0.95053947
60,1,0.95267594
61,1,0.976848
62,1,0.8610795
63,1,0.9815213
64,1,0.89302176
65,1,0.94913954
66,1,0.95691794
67,1,0.9713481
68,1,0.9423182
69,1,0.99159205
70,1,0.99645364
71,1,0.9748745
72,1,0.95887995
73,1,0.95956945
74,1,0.924921
75,1,0.8773867
76,1,0.95669544
77,1,0.9529539
78,1,0.85377383
79,1,0.7884081
80,1,0.9697892
81,1,0.6512082
82,1,0.91283834
83,1,0.9343247
84,1,0.994128
85,1,0.9417217
86,1,0.89338756
87,1,0.9583042
88,1,0.9689295
89,1,0.8909937
90,1,0.95669544
91,1,0.83113575
92,1,0.6308741
93,1,0.88373715
94,1,0.88373715
95,1,0.9967542
96,1,0.9503603
97,1,0.9144653
98,1,0.9405261
99,1,0.7884081
