Index,Predicted_Class,Probability
0,1,0.98644674
1,1,0.91383463
2,1,0.9910637
3,1,0.9910637
4,1,0.9702627
5,1,0.98476774
6,1,0.91695374
7,1,0.6970735
8,1,0.96113473
9,1,0.8344049
10,1,0.9539911
11,1,0.94119895
12,1,0.99549884
13,1,0.54023254
14,1,0.8229348
15,1,0.9940217
16,1,0.8337607
17,1,0.956878
18,1,0.9910637
19,1,0.8446991
20,1,0.98644674
21,1,0.9410505
22,1,0.9911094
23,1,0.9580895
24,1,0.95234996
25,1,0.9959682
26,1,0.9089958
27,1,0.96563107
28,1,0.9841673
29,1,0.8180201
30,1,0.8942981
31,1,0.9001305
32,1,0.9957178
33,1,0.82725286
34,1,0.9682053
35,1,0.98376703
36,1,0.9787678
37,1,0.8743014
38,1,0.9942855
39,1,0.8569969
40,1,0.9748199
41,1,0.95234996
42,1,0.93207544
43,1,0.9673882
44,1,0.86607057
45,1,0.95845205
46,1,0.9621135
47,1,0.79031855
48,1,0.94019943
49,1,0.95788765
50,1,0.93248343
51,1,0.95845205
52,1,0.99363685
53,1,0.8344049
54,1,0.91211057
55,1,0.9911953
56,1,0.9069935
57,1,0.95698106
58,1,0.965844
59,1,0.9585388
60,1,0.98514426
61,1,0.9410505
62,1,0.940318
63,1,0.91695374
64,1,0.96113473
65,1,0.88507664
66,1,0.96006846
67,1,0.94770855
68,1,0.9823172
69,1,0.8229348
70,1,0.93207544
71,1,0.79031855
72,1,0.9410505
73,1,0.95698106
74,1,0.9612341
75,1,0.82758564
76,1,0.9517915
77,1,0.940318
78,1,0.9795669
79,1,0.99037725
80,1,0.8679014
81,1,0.9062724
82,1,0.93922687
83,1,0.9555574
84,1,0.79031855
85,1,0.94852465
86,1,0.9971463
87,1,0.9013511
88,1,0.93962747
89,1,0.9207662
90,1,0.91211057
91,1,0.9912072
92,1,0.8936166
93,1,0.8180201
94,1,0.9869332
95,1,0.9767645
96,1,0.96626306
97,1,0.98032904
98,1,0.97084224
99,1,0.91695374
