Index,Predicted_Class,Probability
0,1,0.9340858
1,1,0.9340858
2,1,0.99541545
3,1,0.9877724
4,1,0.973768
5,1,0.97009677
6,1,0.952683
7,1,0.95602196
8,1,0.9973755
9,1,0.9643203
10,1,0.99422836
11,1,0.9583937
12,1,0.9642332
13,1,0.9852491
14,1,0.9831367
15,1,0.9823079
16,1,0.93302006
17,1,0.9894084
18,1,0.9315135
19,1,0.9226265
20,1,0.84905463
21,1,0.97285956
22,1,0.7487815
23,1,0.9370712
24,1,0.96956885
25,1,0.99229676
26,1,0.9742131
27,1,0.9449426
28,1,0.9552486
29,1,0.9872721
30,1,0.9033417
31,1,0.91915166
32,1,0.91416544
33,1,0.9033417
34,1,0.935172
35,1,0.9891711
36,1,0.95226496
37,1,0.9630357
38,1,0.9742812
39,1,0.9532054
40,1,0.9286311
41,1,0.99541545
42,1,0.99229676
43,1,0.91394854
44,1,0.7487815
45,1,0.9820764
46,1,0.9027309
47,1,0.96010476
48,1,0.9966372
49,1,0.93738794
50,1,0.9677559
51,1,0.96549094
52,1,0.84905463
53,1,0.9286311
54,1,0.96164817
55,1,0.9511438
56,1,0.9429568
57,1,0.97169274
58,1,0.919719
59,1,0.92550224
60,1,0.93738794
61,1,0.8124901
62,1,0.99244577
63,1,0.88465655
64,1,0.9370712
65,1,0.98232734
66,1,0.98611
67,1,0.9685677
68,1,0.90474945
69,1,0.953016
70,1,0.96401346
71,1,0.9865177
72,1,0.9622879
73,1,0.9677559
74,1,0.8966382
75,1,0.90179944
76,1,0.8608679
77,1,0.99597377
78,1,0.94510126
79,1,0.99982786
80,1,0.93917924
81,1,0.919719
82,1,0.9461359
83,1,0.89243424
84,1,0.93917924
85,1,0.978966
86,1,0.9027309
87,1,0.98146284
88,1,0.9872721
89,1,0.92698175
90,1,0.9782073
91,1,0.992351
92,1,0.92176
93,1,0.9700494
94,1,0.9191895
95,1,0.96549094
96,1,0.9488284
97,1,0.9971169
98,1,0.9872181
99,1,0.98575425
