Index,Predicted_Class,Probability
0,1,0.81731164
1,1,0.9661541
2,1,0.8370736
3,1,0.98407865
4,1,0.952482
5,1,0.9494
6,1,0.8384272
7,1,0.91746104
8,1,0.9610396
9,1,0.93656224
10,1,0.98686165
11,1,0.80737317
12,1,0.98207664
13,1,0.9885239
14,1,0.93703574
15,1,0.9317137
16,1,0.95917976
17,1,0.9496129
18,1,0.86684895
19,1,0.9159591
20,1,0.98251295
21,1,0.99569315
22,1,0.79043996
23,1,0.86688536
24,1,0.96931344
25,1,0.9777494
26,1,0.9387068
27,1,0.998439
28,1,0.9345367
29,1,0.9970805
30,1,0.98854136
31,1,0.99054104
32,1,0.9735834
33,1,0.99394953
34,1,0.9661541
35,1,0.99723274
36,1,0.9963619
37,1,0.9846304
38,1,0.8332429
39,1,0.9610396
40,1,0.8058998
41,1,0.98031783
42,1,0.97845477
43,1,0.98391646
44,1,0.9334444
45,1,0.99273175
46,1,0.9661541
47,1,0.9173495
48,1,0.9250225
49,1,0.9159591
50,1,0.9982333
51,1,0.9307978
52,1,0.9952036
53,1,0.69428605
54,1,0.85354096
55,1,0.95929205
56,1,0.9454798
57,1,0.99457777
58,1,0.89874864
59,1,0.8269559
60,1,0.8384532
61,1,0.9777494
62,1,0.96713835
63,1,0.78904486
64,1,0.9952181
65,1,0.9610396
66,1,0.9524801
67,1,0.9387068
68,1,0.9735834
69,1,0.79043996
70,1,0.97200733
71,1,0.9600025
72,1,0.9521726
73,1,0.96305394
74,1,0.86684895
75,1,0.95552135
76,1,0.9979309
77,1,0.90864223
78,1,0.8177728
79,1,0.9120856
80,1,0.952482
81,1,0.95929205
82,1,0.93364716
83,1,0.90864223
84,1,0.8332429
85,1,0.88015133
86,1,0.96266204
87,1,0.8384272
88,1,0.88305867
89,1,0.96495193
90,1,0.88305867
91,1,0.9250225
92,1,0.98391646
93,1,0.9111633
94,1,0.89661443
95,1,0.9158246
96,1,0.96577317
97,1,0.9524801
98,1,0.9615264
99,1,0.89469755
