Index,Predicted_Class,Probability
0,1,0.8824862
1,1,0.98710644
2,1,0.95877314
3,1,0.6487883
4,1,0.920487
5,1,0.99970144
6,1,0.99032414
7,1,0.98062825
8,1,0.9824827
9,1,0.97764844
10,1,0.95973414
11,1,0.9755352
12,1,0.99190724
13,1,0.9802917
14,1,0.8560065
15,1,0.920487
16,1,0.88822085
17,1,0.96717703
18,1,0.9825205
19,1,0.9800382
20,1,0.97345394
21,1,0.97213
22,1,0.8954009
23,1,0.93224955
24,1,0.9782502
25,1,0.9249522
26,1,0.97866815
27,1,0.89029425
28,1,0.91253716
29,1,0.96446764
30,1,0.94386536
31,1,0.9912607
32,1,0.9778675
33,1,0.7984048
34,1,0.8560065
35,1,0.7599183
36,1,0.9972089
37,1,0.947278
38,1,0.95417917
39,1,0.97245973
40,1,0.85523874
41,1,0.9581232
42,1,0.9431134
43,1,0.85843617
44,1,0.85523874
45,1,0.7599183
46,1,0.90788436
47,1,0.98858684
48,1,0.9763532
49,1,0.9893896
50,1,0.9581232
51,1,0.9493953
52,1,0.9800382
53,1,0.99664754
54,1,0.9363361
55,1,0.993233
56,1,0.95697266
57,1,0.9562736
58,1,0.98246783
59,1,0.88779444
60,1,0.9619136
61,1,0.9814449
62,1,0.965986
63,1,0.95829713
64,1,0.8728353
65,1,0.95007443
66,1,0.95407164
67,1,0.9915467
68,1,0.9802917
69,1,0.9431134
70,1,0.99815315
71,1,0.9637718
72,1,0.88822085
73,1,0.8420687
74,1,0.98544955
75,1,0.975572
76,1,0.925161
77,1,0.9815673
78,1,0.8809271
79,1,0.9830708
80,1,0.94627374
81,1,0.96646625
82,1,0.88317835
83,1,0.9521138
84,1,0.9874951
85,1,0.9023721
86,1,0.95426536
87,1,0.9914191
88,1,0.8849978
89,1,0.96470183
90,1,0.97245973
91,1,0.9431134
92,1,0.99725765
93,1,0.965986
94,1,0.90318626
95,1,0.9784626
96,1,0.94386536
97,1,0.9799197
98,1,0.975572
99,1,0.9034105
