Index,Predicted_Class,Probability
0,1,0.92739326
1,1,0.9893729
2,1,0.9944376
3,1,0.72145724
4,1,0.93688846
5,1,0.90840244
6,1,0.98786074
7,1,0.93688846
8,1,0.98637646
9,1,0.8848499
10,1,0.9893589
11,1,0.9547775
12,1,0.95481473
13,1,0.9978982
14,1,0.97145545
15,1,0.9790659
16,1,0.8020367
17,1,0.9835051
18,1,0.9546107
19,1,0.964263
20,1,0.9611853
21,1,0.90949774
22,1,0.91863173
23,1,0.99470913
24,1,0.8561907
25,1,0.94504225
26,1,0.97425234
27,1,0.9993476
28,1,0.9688955
29,1,0.9561059
30,1,0.9493132
31,1,0.97585404
32,1,0.99629873
33,1,0.8750519
34,1,0.9830837
35,1,0.9304555
36,1,0.9696469
37,1,0.97066337
38,1,0.98221844
39,1,0.9696936
40,1,0.96568877
41,1,0.99825937
42,1,0.89731497
43,1,0.9802727
44,1,0.9636249
45,1,0.90996057
46,1,0.9876601
47,1,0.9922708
48,1,0.8492267
49,1,0.96136636
50,1,0.98880136
51,1,0.96913916
52,1,0.9724897
53,1,0.97041434
54,1,0.97066337
55,1,0.89241546
56,1,0.9972063
57,1,0.95725924
58,1,0.721315
59,1,0.9208895
60,1,0.9719107
61,1,0.8313023
62,1,0.9799248
63,1,0.8124499
64,1,0.94658595
65,1,0.9629399
66,1,0.9680982
67,1,0.98330575
68,1,0.9818954
69,1,0.97041434
70,1,0.89582247
71,1,0.721315
72,1,0.89582247
73,1,0.9611853
74,1,0.93075013
75,1,0.91627705
76,1,0.97486544
77,1,0.891264
78,1,0.8492084
79,1,0.93620497
80,1,0.9636249
81,1,0.89164066
82,1,0.99679226
83,1,0.89241546
84,1,0.91547835
85,1,0.99572134
86,1,0.87144274
87,1,0.9657858
88,1,0.90996057
89,1,0.9830837
90,1,0.9208895
91,1,0.88375026
92,1,0.9976266
93,1,0.92996264
94,1,0.89812464
95,1,0.93700325
96,1,0.97607416
97,1,0.87739766
98,1,0.8527755
99,1,0.9146902
