Index,Predicted_Class,Probability
0,1,0.71487147
1,1,0.9496831
2,1,0.8902713
3,1,0.9687882
4,1,0.9670261
5,1,0.9696759
6,1,0.9467429
7,1,0.8695906
8,1,0.91728693
9,1,0.8770979
10,1,0.9426763
11,1,0.94591075
12,1,0.9602189
13,1,0.94904953
14,1,0.9122836
15,1,0.99928856
16,1,0.9856243
17,1,0.86677134
18,1,0.94591075
19,1,0.9430974
20,1,0.9845467
21,1,0.9466664
22,1,0.99947244
23,1,0.80222934
24,1,0.9122836
25,1,0.97600096
26,1,0.90040046
27,1,0.9605802
28,1,0.894893
29,1,0.98780304
30,1,0.9410778
31,1,0.9761412
32,1,0.9534892
33,1,0.8902713
34,1,0.9034858
35,1,0.933029
36,1,0.9371714
37,1,0.876567
38,1,0.99795914
39,1,0.99474996
40,1,0.899885
41,1,0.964602
42,1,0.9835187
43,1,0.81785953
44,1,0.9929789
45,1,0.98037714
46,1,0.9081104
47,1,0.9856963
48,1,0.99918026
49,1,0.8560136
50,1,0.84454036
51,1,0.977131
52,1,0.95660186
53,1,0.9304977
54,1,0.9418262
55,1,0.9602189
56,1,0.8898601
57,1,0.98398477
58,1,0.71487147
59,1,0.9783321
60,1,0.94909185
61,1,0.98780304
62,1,0.9996201
63,1,0.8991307
64,1,0.9388487
65,1,0.8934568
66,1,0.97306675
67,1,0.9081104
68,1,0.9229683
69,1,0.9430974
70,1,0.9632624
71,1,0.83582324
72,1,0.97820425
73,1,0.9373171
74,1,0.9917846
75,1,0.95733
76,1,0.95660186
77,1,0.9614381
78,1,0.9932628
79,1,0.972009
80,1,0.95660186
81,1,0.6987133
82,1,0.6994211
83,1,0.962783
84,1,0.9426763
85,1,0.9120403
86,1,0.98037714
87,1,0.9977316
88,1,0.9172904
89,1,0.899885
90,1,0.9643784
91,1,0.90498614
92,1,0.8305395
93,1,0.9418262
94,1,0.902421
95,1,0.9608858
96,1,0.99178946
97,1,0.96765983
98,1,0.91416436
99,1,0.9786945
