Index,Predicted_Class,Probability
0,1,0.76803017
1,1,0.95830816
2,1,0.975637
3,1,0.892774
4,1,0.9831108
5,1,0.91002643
6,1,0.9874056
7,1,0.94130933
8,1,0.9867604
9,1,0.9418448
10,1,0.9556473
11,1,0.916316
12,1,0.9160817
13,1,0.94421804
14,1,0.9397355
15,1,0.9854054
16,1,0.8900864
17,1,0.9817997
18,1,0.813845
19,1,0.9714983
20,1,0.96663296
21,1,0.9732473
22,1,0.92997605
23,1,0.9740613
24,1,0.9750674
25,1,0.95088947
26,1,0.99557686
27,1,0.980892
28,1,0.9245206
29,1,0.9841118
30,1,0.9880007
31,1,0.9247963
32,1,0.9481379
33,1,0.76803017
34,1,0.87656325
35,1,0.86554974
36,1,0.9645457
37,1,0.99209094
38,1,0.9815269
39,1,0.8836033
40,1,0.9767016
41,1,0.92466235
42,1,0.99591535
43,1,0.9466351
44,1,0.8831847
45,1,0.96871334
46,1,0.98238003
47,1,0.9783014
48,1,0.87656325
49,1,0.9247963
50,1,0.806362
51,1,0.9594201
52,1,0.95563465
53,1,0.95892197
54,1,0.980892
55,1,0.97721875
56,1,0.9603294
57,1,0.9744999
58,1,0.84285355
59,1,0.90652835
60,1,0.8912996
61,1,0.97945994
62,1,0.9626991
63,1,0.9663291
64,1,0.8695911
65,1,0.9735075
66,1,0.9918942
67,1,0.9926351
68,1,0.8725572
69,1,0.935549
70,1,0.96644866
71,1,0.7348671
72,1,0.9154257
73,1,0.82508785
74,1,0.9617881
75,1,0.9968823
76,1,0.9309749
77,1,0.9902194
78,1,0.97772706
79,1,0.9654297
80,1,0.9418448
81,1,0.9425521
82,1,0.95892197
83,1,0.9556473
84,1,0.9886839
85,1,0.9531542
86,1,0.94964236
87,1,0.9524172
88,1,0.70175415
89,1,0.98238003
90,1,0.9906425
91,1,0.9397355
92,1,0.9867604
93,1,0.99373007
94,1,0.960257
95,1,0.9523453
96,1,0.95506793
97,1,0.9547895
98,1,0.9531542
99,1,0.7348671
