Index,Predicted_Class,Probability
0,1,0.98361903
1,1,0.9781275
2,1,0.9186681
3,1,0.7714982
4,1,0.9541719
5,1,0.9389238
6,1,0.91495657
7,1,0.78882647
8,1,0.8824154
9,1,0.98749316
10,1,0.9901613
11,1,0.9706863
12,1,0.990973
13,1,0.9978782
14,1,0.85940284
15,1,0.90850514
16,1,0.99394625
17,1,0.702788
18,1,0.8842973
19,1,0.9209731
20,1,0.9678183
21,1,0.8745075
22,1,0.9897483
23,1,0.96656936
24,1,0.9582334
25,1,0.9447449
26,1,0.8547596
27,1,0.91945165
28,1,0.98749316
29,1,0.9570652
30,1,0.9400233
31,1,0.972706
32,1,0.939182
33,1,0.95222974
34,1,0.98976934
35,1,0.7422883
36,1,0.93943596
37,1,0.9807858
38,1,0.86985505
39,1,0.8824154
40,1,0.9846565
41,1,0.9450952
42,1,0.9841649
43,1,0.7422883
44,1,0.98371226
45,1,0.78882647
46,1,0.95158035
47,1,0.94148564
48,1,0.922235
49,1,0.96545535
50,1,0.957504
51,1,0.9579176
52,1,0.9559264
53,1,0.8547596
54,1,0.93943596
55,1,0.9043795
56,1,0.78882647
57,1,0.97332746
58,1,0.9978217
59,1,0.98929834
60,1,0.8762136
61,1,0.9096742
62,1,0.86284983
63,1,0.59597963
64,1,0.97339654
65,1,0.9438235
66,1,0.86571485
67,1,0.91719806
68,1,0.9705992
69,1,0.93672097
70,1,0.85940284
71,1,0.86571485
72,1,0.918043
73,1,0.8842973
74,1,0.97525114
75,1,0.9987644
76,1,0.91945165
77,1,0.9684104
78,1,0.841361
79,1,0.95222974
80,1,0.76229995
81,1,0.92016906
82,1,0.8870482
83,1,0.97763616
84,1,0.99190474
85,1,0.9363755
86,1,0.86985505
87,1,0.9872749
88,1,0.9684104
89,1,0.59597963
90,1,0.8210525
91,1,0.90307933
92,1,0.86284983
93,1,0.9043795
94,1,0.90472233
95,1,0.8710846
96,1,0.9166313
97,1,0.97332746
98,1,0.9827239
99,1,0.9648505
