Index,Predicted_Class,Probability
0,1,0.9572556
1,1,0.97365755
2,1,0.9627998
3,1,0.97500366
4,1,0.86475253
5,1,0.94323707
6,1,0.83993113
7,1,0.98424363
8,1,0.9456663
9,1,0.9880024
10,1,0.9829884
11,1,0.91684395
12,1,0.8691389
13,1,0.9993506
14,1,0.9639519
15,1,0.91960263
16,1,0.93709433
17,1,0.96934974
18,1,0.98613495
19,1,0.87532914
20,1,0.97311586
21,1,0.5984295
22,1,0.9577259
23,1,0.9277302
24,1,0.9678802
25,1,0.9564726
26,1,0.83131635
27,1,0.7237139
28,1,0.9630572
29,1,0.97500366
30,1,0.9687354
31,1,0.9545048
32,1,0.8633011
33,1,0.8065498
34,1,0.9558542
35,1,0.7960423
36,1,0.9447885
37,1,0.99282503
38,1,0.9792749
39,1,0.9558542
40,1,0.99328893
41,1,0.96772814
42,1,0.96855944
43,1,0.9630572
44,1,0.90989447
45,1,0.9799239
46,1,0.8107771
47,1,0.96259123
48,1,0.9213313
49,1,0.9668924
50,1,0.9790511
51,1,0.9988078
52,1,0.8065498
53,1,0.9853265
54,1,0.94855505
55,1,0.9677757
56,1,0.9029055
57,1,0.9274604
58,1,0.8633011
59,1,0.9634065
60,1,0.9986511
61,1,0.9241651
62,1,0.98613495
63,1,0.94600964
64,1,0.9790511
65,1,0.95448065
66,1,0.9714235
67,1,0.9709471
68,1,0.9236898
69,1,0.9633076
70,1,0.96280414
71,1,0.8433912
72,1,0.9747738
73,1,0.8724673
74,1,0.9411394
75,1,0.8546116
76,1,0.93662286
77,1,0.9932929
78,1,0.99823195
79,1,0.9029055
80,1,0.94323707
81,1,0.8691389
82,1,0.94855505
83,1,0.8433912
84,1,0.87646663
85,1,0.9030939
86,1,0.9972339
87,1,0.95421696
88,1,0.8373264
89,1,0.93709433
90,1,0.9630572
91,1,0.91960263
92,1,0.8826298
93,1,0.98613495
94,1,0.9250443
95,1,0.9559664
96,1,0.98107225
97,1,0.939076
98,1,0.990974
99,1,0.98478645
