Index,Predicted_Class,Probability
0,1,0.92619896
1,1,0.98371583
2,1,0.89391756
3,1,0.9560821
4,1,0.9912883
5,1,0.8377546
6,1,0.8519879
7,1,0.9496025
8,1,0.89916253
9,1,0.97104496
10,1,0.9766213
11,1,0.99972266
12,1,0.89231104
13,1,0.9760666
14,1,0.9397632
15,1,0.9773268
16,1,0.8779606
17,1,0.9502282
18,1,0.75760955
19,1,0.9486844
20,1,0.93266433
21,1,0.72044414
22,1,0.7726305
23,1,0.9418661
24,1,0.7017401
25,1,0.8377546
26,1,0.95063615
27,1,0.9278782
28,1,0.9693739
29,1,0.958344
30,1,0.9885577
31,1,0.90005463
32,1,0.9979119
33,1,0.99015737
34,1,0.9977737
35,1,0.9255422
36,1,0.87595916
37,1,0.8874698
38,1,0.95105654
39,1,0.9681295
40,1,0.98718935
41,1,0.9773268
42,1,0.98223615
43,1,0.9314561
44,1,0.9546151
45,1,0.8700342
46,1,0.94683516
47,1,0.9584205
48,1,0.97062397
49,1,0.8836528
50,1,0.9543423
51,1,0.94601816
52,1,0.9724166
53,1,0.97200567
54,1,0.97104496
55,1,0.7255304
56,1,0.7017401
57,1,0.9382177
58,1,0.98718935
59,1,0.8739102
60,1,0.9887826
61,1,0.89231104
62,1,0.9720535
63,1,0.9464483
64,1,0.99847156
65,1,0.93717927
66,1,0.9251865
67,1,0.99678767
68,1,0.9766213
69,1,0.973243
70,1,0.9832661
71,1,0.99605334
72,1,0.95063615
73,1,0.9851988
74,1,0.9939406
75,1,0.85477036
76,1,0.9418661
77,1,0.94892144
78,1,0.8811098
79,1,0.9926885
80,1,0.8605426
81,1,0.9910295
82,1,0.79923743
83,1,0.98426
84,1,0.9171167
85,1,0.9897183
86,1,0.8836528
87,1,0.72044414
88,1,0.9764223
89,1,0.9415957
90,1,0.88567203
91,1,0.92134523
92,1,0.8768226
93,1,0.8728808
94,1,0.99005973
95,1,0.9684175
96,1,0.9397632
97,1,0.95063615
98,1,0.9390617
99,1,0.9894415
