Index,Predicted_Class,Probability
0,1,0.9858124
1,1,0.9935988
2,1,0.9265511
3,1,0.9356945
4,1,0.95668244
5,1,0.9695509
6,1,0.7983436
7,1,0.9695509
8,1,0.9875289
9,1,0.93483955
10,1,0.991331
11,1,0.8672736
12,1,0.90888554
13,1,0.9265511
14,1,0.861543
15,1,0.97480464
16,1,0.87086356
17,1,0.9849995
18,1,0.9639087
19,1,0.9592067
20,1,0.8758463
21,1,0.96308607
22,1,0.95009184
23,1,0.9369877
24,1,0.99819094
25,1,0.8968722
26,1,0.92777246
27,1,0.90458614
28,1,0.8974934
29,1,0.87462837
30,1,0.8653672
31,1,0.9671405
32,1,0.9695509
33,1,0.9065917
34,1,0.6891005
35,1,0.9818866
36,1,0.86425304
37,1,0.9445099
38,1,0.9286662
39,1,0.99224234
40,1,0.96285784
41,1,0.9340934
42,1,0.93532693
43,1,0.98160857
44,1,0.99235666
45,1,0.9681171
46,1,0.98117334
47,1,0.9380945
48,1,0.9598154
49,1,0.9891722
50,1,0.9639087
51,1,0.9679091
52,1,0.8916765
53,1,0.99451387
54,1,0.9893517
55,1,0.8669332
56,1,0.99078757
57,1,0.9817062
58,1,0.93259084
59,1,0.83998805
60,1,0.9370088
61,1,0.9956423
62,1,0.8632972
63,1,0.99349594
64,1,0.96285784
65,1,0.76063156
66,1,0.7857144
67,1,0.941537
68,1,0.9817062
69,1,0.984591
70,1,0.9288409
71,1,0.8653672
72,1,0.78966326
73,1,0.9495583
74,1,0.9495583
75,1,0.94782406
76,1,0.95743346
77,1,0.9542985
78,1,0.9948478
79,1,0.9781342
80,1,0.90458614
81,1,0.96832395
82,1,0.9967996
83,1,0.91921085
84,1,0.9922131
85,1,0.9233315
86,1,0.9404969
87,1,0.93801004
88,1,0.96780694
89,1,0.8974934
90,1,0.9356945
91,1,0.9598154
92,1,0.9409646
93,1,0.72291684
94,1,0.9625433
95,1,0.91611856
96,1,0.70555943
97,1,0.9388248
98,1,0.8527545
99,1,0.9361499
