Index,Predicted_Class,Probability
0,1,0.9726089
1,1,0.9289244
2,1,0.9956999
3,1,0.8825814
4,1,0.975295
5,1,0.9420182
6,1,0.92507815
7,1,0.9533822
8,1,0.97251534
9,1,0.9031963
10,1,0.9875008
11,1,0.93305784
12,1,0.965975
13,1,0.907475
14,1,0.9792196
15,1,0.92223847
16,1,0.96795726
17,1,0.88046545
18,1,0.9499376
19,1,0.86368084
20,1,0.62437266
21,1,0.93305784
22,1,0.9684928
23,1,0.86368084
24,1,0.8641054
25,1,0.9875008
26,1,0.989665
27,1,0.90682006
28,1,0.9688261
29,1,0.9956999
30,1,0.8642146
31,1,0.62437266
32,1,0.9536345
33,1,0.9657791
34,1,0.8020266
35,1,0.9301171
36,1,0.99546355
37,1,0.96720636
38,1,0.9099828
39,1,0.98656684
40,1,0.99292976
41,1,0.99292976
42,1,0.9536345
43,1,0.98170185
44,1,0.9344534
45,1,0.9117736
46,1,0.9303452
47,1,0.9237307
48,1,0.9596619
49,1,0.907475
50,1,0.5545694
51,1,0.99814725
52,1,0.91681874
53,1,0.86760956
54,1,0.8020266
55,1,0.9875008
56,1,0.9637626
57,1,0.8921622
58,1,0.9703591
59,1,0.9243991
60,1,0.9920277
61,1,0.7871402
62,1,0.86583215
63,1,0.97535104
64,1,0.9717601
65,1,0.95729834
66,1,0.8825814
67,1,0.97352827
68,1,0.88829553
69,1,0.99768054
70,1,0.9785257
71,1,0.93446386
72,1,0.8825814
73,1,0.8816338
74,1,0.8825814
75,1,0.986847
76,1,0.992504
77,1,0.8134242
78,1,0.9961202
79,1,0.9243991
80,1,0.950346
81,1,0.9350384
82,1,0.8641054
83,1,0.965975
84,1,0.98269606
85,1,0.9969812
86,1,0.9792196
87,1,0.9744726
88,1,0.95292723
89,1,0.97251534
90,1,0.9726089
91,1,0.99690515
92,1,0.986847
93,1,0.9822112
94,1,0.96720636
95,1,0.997832
96,1,0.93583405
97,1,0.9773357
98,1,0.9536345
99,1,0.9260163
