Index,Predicted_Class,Probability
0,1,0.97772163
1,1,0.8956573
2,1,0.98116565
3,1,0.9132423
4,1,0.97717893
5,1,0.93371683
6,1,0.9515159
7,1,0.96704626
8,1,0.9115142
9,1,0.95998025
10,1,0.964804
11,1,0.7429247
12,1,0.979332
13,1,0.82115656
14,1,0.9514897
15,1,0.7429247
16,1,0.9975909
17,1,0.9429727
18,1,0.8796306
19,1,0.75819856
20,1,0.8956573
21,1,0.9809092
22,1,0.9771688
23,1,0.95064497
24,1,0.88240623
25,1,0.9446649
26,1,0.92294294
27,1,0.9964156
28,1,0.59429204
29,1,0.8905538
30,1,0.9137951
31,1,0.7546109
32,1,0.99159044
33,1,0.9442062
34,1,0.96500456
35,1,0.97772163
36,1,0.90826803
37,1,0.9742837
38,1,0.8905538
39,1,0.97002125
40,1,0.75293225
41,1,0.9310494
42,1,0.9977182
43,1,0.7530229
44,1,0.9137951
45,1,0.94175285
46,1,0.96704626
47,1,0.97915035
48,1,0.9803525
49,1,0.91447496
50,1,0.9207392
51,1,0.97469056
52,1,0.9512284
53,1,0.9563097
54,1,0.9988393
55,1,0.88135487
56,1,0.8956573
57,1,0.9742448
58,1,0.9904839
59,1,0.93841237
60,1,0.9374489
61,1,0.98672324
62,1,0.8956573
63,1,0.9595125
64,1,0.96249723
65,1,0.9275576
66,1,0.8759373
67,1,0.9900774
68,1,0.9771688
69,1,0.9512284
70,1,0.9913244
71,1,0.89522403
72,1,0.99771476
73,1,0.9827849
74,1,0.9714688
75,1,0.99437827
76,1,0.76960665
77,1,0.9490231
78,1,0.9795616
79,1,0.9164331
80,1,0.79552555
81,1,0.94867337
82,1,0.96500456
83,1,0.9944307
84,1,0.8950455
85,1,0.9197847
86,1,0.8732062
87,1,0.9742448
88,1,0.95029956
89,1,0.83866936
90,1,0.75819856
91,1,0.9548328
92,1,0.9705539
93,1,0.9442062
94,1,0.92294294
95,1,0.90317297
96,1,0.9515159
97,1,0.93371683
98,1,0.9599136
99,1,0.8650799
