Index,Predicted_Class,Probability
0,1,0.8672701
1,1,0.9707511
2,1,0.96760803
3,1,0.68207705
4,1,0.9924259
5,1,0.9048115
6,1,0.9118081
7,1,0.782823
8,1,0.9295041
9,1,0.9749042
10,1,0.9794983
11,1,0.9079077
12,1,0.97591215
13,1,0.89758736
14,1,0.8601662
15,1,0.9507857
16,1,0.9924414
17,1,0.8842277
18,1,0.79826283
19,1,0.9686637
20,1,0.9857109
21,1,0.9847035
22,1,0.68207705
23,1,0.9790137
24,1,0.91543114
25,1,0.93992513
26,1,0.9794983
27,1,0.9558785
28,1,0.98483247
29,1,0.85247344
30,1,0.8312353
31,1,0.97591215
32,1,0.9846244
33,1,0.8601662
34,1,0.94937897
35,1,0.7622974
36,1,0.9986802
37,1,0.97714794
38,1,0.8740569
39,1,0.8780853
40,1,0.9489803
41,1,0.9728864
42,1,0.97591215
43,1,0.96988183
44,1,0.9692759
45,1,0.9674685
46,1,0.9944483
47,1,0.9600067
48,1,0.93407303
49,1,0.97591215
50,1,0.9197186
51,1,0.98483247
52,1,0.9751567
53,1,0.97315663
54,1,0.97130144
55,1,0.87549317
56,1,0.8312353
57,1,0.98494846
58,1,0.9471675
59,1,0.9012624
60,1,0.7190675
61,1,0.9708228
62,1,0.9801041
63,1,0.8618983
64,1,0.9561028
65,1,0.9586632
66,1,0.9638213
67,1,0.9808872
68,1,0.95828307
69,1,0.9081552
70,1,0.96821207
71,1,0.9381266
72,1,0.99251854
73,1,0.9471675
74,1,0.96786815
75,1,0.9258896
76,1,0.8113913
77,1,0.9118081
78,1,0.8863075
79,1,0.83091396
80,1,0.98001134
81,1,0.8843161
82,1,0.9952342
83,1,0.87549317
84,1,0.9512387
85,1,0.9048115
86,1,0.7956795
87,1,0.96589327
88,1,0.97714794
89,1,0.8910302
90,1,0.92570245
91,1,0.9558785
92,1,0.94852114
93,1,0.92570245
94,1,0.97247213
95,1,0.9979315
96,1,0.988277
97,1,0.9012624
98,1,0.96195906
99,1,0.9197186
