Index,Predicted_Class,Probability
0,1,0.98473984
1,1,0.83324325
2,1,0.83324325
3,1,0.99167526
4,1,0.92617154
5,1,0.9204637
6,1,0.9476852
7,1,0.88614225
8,1,0.9946491
9,1,0.9870068
10,1,0.9454991
11,1,0.93209976
12,1,0.73279923
13,1,0.98673266
14,1,0.9385337
15,1,0.9862053
16,1,0.9866961
17,1,0.9204637
18,1,0.9750944
19,1,0.92741144
20,1,0.94229144
21,1,0.9604494
22,1,0.952487
23,1,0.929874
24,1,0.93166304
25,1,0.9064868
26,1,0.903689
27,1,0.9940373
28,1,0.95262605
29,1,0.94323057
30,1,0.9634843
31,1,0.974244
32,1,0.9470561
33,1,0.9947802
34,1,0.8626207
35,1,0.9951599
36,1,0.9757568
37,1,0.84317005
38,1,0.9833662
39,1,0.9985273
40,1,0.9833589
41,1,0.9204637
42,1,0.9682198
43,1,0.9334746
44,1,0.9821713
45,1,0.95488983
46,1,0.9403981
47,1,0.8799687
48,1,0.9945531
49,1,0.96403253
50,1,0.9503995
51,1,0.9916829
52,1,0.9946437
53,1,0.93209976
54,1,0.97080326
55,1,0.72976935
56,1,0.99276143
57,1,0.94727767
58,1,0.97701424
59,1,0.8948343
60,1,0.3694947
61,1,0.96667296
62,1,0.9929149
63,1,0.958357
64,1,0.9555676
65,1,0.9817893
66,1,0.9454991
67,1,0.88503057
68,1,0.9811003
69,1,0.9855871
70,1,0.9819952
71,1,0.99374604
72,1,0.98266023
73,1,0.9946437
74,1,0.8818719
75,1,0.99276143
76,1,0.81331414
77,1,0.9627664
78,1,0.84317005
79,1,0.9064868
80,1,0.98319465
81,1,0.73279923
82,1,0.94096214
83,1,0.9774566
84,1,0.91382635
85,1,0.9680218
86,1,0.9816096
87,1,0.97151035
88,1,0.9716877
89,1,0.9880143
90,1,0.9964348
91,1,0.96633244
92,1,0.95665616
93,1,0.8815648
94,1,0.96403253
95,1,0.93259
96,1,0.9682198
97,1,0.3694947
98,1,0.8818719
99,1,0.94229144
