Index,Predicted_Class,Probability
0,1,0.93280363
1,1,0.98811185
2,1,0.9533488
3,1,0.9799975
4,1,0.91462785
5,1,0.8150415
6,1,0.95295227
7,1,0.87131375
8,1,0.95428836
9,1,0.96481234
10,1,0.94204074
11,1,0.83457434
12,1,0.99486333
13,1,0.9768853
14,1,0.9779464
15,1,0.94204074
16,1,0.9467212
17,1,0.83414835
18,1,0.9596558
19,1,0.8634543
20,1,0.86098033
21,1,0.9568042
22,1,0.82801294
23,1,0.8193796
24,1,0.98944867
25,1,0.99333316
26,1,0.58443326
27,1,0.88487446
28,1,0.97155184
29,1,0.8800053
30,1,0.8048475
31,1,0.8432858
32,1,0.99921227
33,1,0.98944867
34,1,0.9492889
35,1,0.88427746
36,1,0.95667493
37,1,0.9961671
38,1,0.97155184
39,1,0.994555
40,1,0.8432858
41,1,0.94827825
42,1,0.9566856
43,1,0.9229209
44,1,0.8481682
45,1,0.97155184
46,1,0.83457434
47,1,0.94821405
48,1,0.8598653
49,1,0.9856946
50,1,0.87081987
51,1,0.74929166
52,1,0.997547
53,1,0.8598653
54,1,0.9983625
55,1,0.9739923
56,1,0.798193
57,1,0.86468637
58,1,0.95743346
59,1,0.89186484
60,1,0.8528566
61,1,0.996369
62,1,0.98705417
63,1,0.9886932
64,1,0.69629043
65,1,0.93870085
66,1,0.98944867
67,1,0.9159656
68,1,0.9273411
69,1,0.78888404
70,1,0.9918134
71,1,0.9568042
72,1,0.798193
73,1,0.757731
74,1,0.9930662
75,1,0.9297475
76,1,0.90637964
77,1,0.8150415
78,1,0.91990054
79,1,0.9187839
80,1,0.95428836
81,1,0.9963291
82,1,0.89186484
83,1,0.8198305
84,1,0.9702544
85,1,0.95553935
86,1,0.95553935
87,1,0.9767735
88,1,0.8839501
89,1,0.9782106
90,1,0.9465233
91,1,0.9372961
92,1,0.88427746
93,1,0.9725778
94,1,0.9273411
95,1,0.91462785
96,1,0.8634543
97,1,0.978288
98,1,0.9907392
99,1,0.7788932
