Index,Predicted_Class,Probability
0,1,0.9763797
1,1,0.9065688
2,1,0.9600201
3,1,0.7987894
4,1,0.92678446
5,1,0.986101
6,1,0.9883034
7,1,0.9407528
8,1,0.93295854
9,1,0.9347849
10,1,0.9836044
11,1,0.9178991
12,1,0.98138547
13,1,0.9580279
14,1,0.91403276
15,1,0.9738452
16,1,0.9708127
17,1,0.9950028
18,1,0.85403323
19,1,0.90045285
20,1,0.93277395
21,1,0.8331775
22,1,0.8904263
23,1,0.97080946
24,1,0.88333297
25,1,0.7857727
26,1,0.9266202
27,1,0.9119803
28,1,0.93502
29,1,0.94822896
30,1,0.923034
31,1,0.9998436
32,1,0.93295854
33,1,0.8506399
34,1,0.97927254
35,1,0.9666687
36,1,0.98819345
37,1,0.8233392
38,1,0.9119803
39,1,0.96587944
40,1,0.97312206
41,1,0.98946255
42,1,0.8770324
43,1,0.9948978
44,1,0.7975863
45,1,0.9354055
46,1,0.9910748
47,1,0.9408375
48,1,0.8614943
49,1,0.9065688
50,1,0.9360681
51,1,0.7544331
52,1,0.9561148
53,1,0.9068722
54,1,0.8331775
55,1,0.9643733
56,1,0.986101
57,1,0.90208864
58,1,0.9877578
59,1,0.85699165
60,1,0.85226035
61,1,0.8614943
62,1,0.9119803
63,1,0.83208036
64,1,0.98138547
65,1,0.9910439
66,1,0.953381
67,1,0.9935814
68,1,0.9746848
69,1,0.9984944
70,1,0.9696147
71,1,0.9561148
72,1,0.9724105
73,1,0.98671454
74,1,0.85403323
75,1,0.90174526
76,1,0.9786621
77,1,0.90208864
78,1,0.9337065
79,1,0.91069394
80,1,0.9342742
81,1,0.93277395
82,1,0.9258715
83,1,0.8269513
84,1,0.95825046
85,1,0.8542608
86,1,0.9833272
87,1,0.78892916
88,1,0.8614943
89,1,0.9193416
90,1,0.55442876
91,1,0.9620004
92,1,0.8587772
93,1,0.9068722
94,1,0.92410344
95,1,0.9407528
96,1,0.9408375
97,1,0.9600201
98,1,0.9474861
99,1,0.8614943
